{"stats":{"minecraft:dropped":{"minecraft:wheat_seeds":1,"minecraft:cooked_porkchop":30},"minecraft:picked_up":{"minecraft:cooked_porkchop":10,"minecraft:wheat_seeds":3,"minecraft:gravel":1,"minecraft:poppy":1,"minecraft:powered_rail":6,"minecraft:cornflower":1,"minecraft:dirt":1},"minecraft:used":{"minecraft:polished_blackstone_brick_slab":1,"minecraft:lever":3,"minecraft:sea_lantern":1,"minecraft:rail":15,"securitycraft:reinforced_blue_stained_glass":1,"minecraft:grass_block":23,"minecraft:cooked_porkchop":2,"minecraft:oak_planks":15,"minecraft:powered_rail":22,"minecraft:minecart":3,"carryon:entity_item":2,"minecraft:redstone_block":15},"minecraft:mined":{"minecraft:grass":46,"minecraft:grass_block":1,"minecraft:gravel":1,"minecraft:tall_grass":1,"minecraft:cornflower":1},"minecraft:custom":{"minecraft:time_since_rest":66246,"minecraft:play_one_minute":66246,"minecraft:crouch_one_cm":3289,"minecraft:sprint_one_cm":106763,"minecraft:damage_taken":30,"minecraft:walk_one_cm":86636,"minecraft:sneak_time":1115,"minecraft:walk_under_water_one_cm":156,"minecraft:drop":4,"minecraft:jump":1102,"minecraft:minecart_one_cm":7290,"minecraft:damage_dealt":100,"minecraft:leave_game":7,"minecraft:time_since_death":66246,"minecraft:walk_on_water_one_cm":172,"minecraft:fall_one_cm":1195,"minecraft:fly_one_cm":320621}},"DataVersion":2586}