{"stats":{"minecraft:crafted":{"minecraft:black_dye":2,"minecraft:red_dye":44,"minecraft:oak_planks":832,"minecraft:cobblestone_slab":1798,"minecraft:crafting_table":2,"minecraft:stone":16,"minecraft:cobblestone_stairs":40,"minecraft:bone_meal":33,"minecraft:bookshelf":5,"minecraft:air":0,"minecraft:book":12,"minecraft:paper":75,"minecraft:yellow_dye":19,"minecraft:chest":25,"minecraft:gold_ingot":9,"minecraft:light_gray_dye":14,"minecraft:stone_hoe":5},"minecraft:dropped":{"minecraft:wheat_seeds":2,"minecraft:diamond_axe":1,"minecraft:cooked_porkchop":30,"minecraft:white_bed":1,"hammers:stone_hammer":1},"minecraft:killed":{"majruszs_difficulty:elite_skeleton":1,"minecraft:skeleton":1,"minecraft:zombie":1},"minecraft:broken":{"minecraft:stone_hoe":3},"minecraft:picked_up":{"minecraft:crafting_table":2,"minecraft:azure_bluet":8,"minecraft:water_bucket":1,"securitycraft:reinforced_glass_pane":2,"minecraft:oak_log":230,"minecraft:cobblestone_stairs":19,"minecraft:cornflower":1,"minecraft:dirt":1018,"minecraft:bone":10,"hammers:stone_hammer":1,"minecraft:apple":7,"minecraft:stonecutter":1,"minecraft:wheat_seeds":92,"minecraft:iron_ore":11,"minecraft:cobblestone_slab":159,"minecraft:poppy":20,"minecraft:powered_rail":6,"minecraft:sugar_cane":151,"minecraft:chest":1,"minecraft:oak_planks":56,"minecraft:stone_hoe":1,"minecraft:furnace":9,"minecraft:stick":37,"minecraft:cooked_porkchop":10,"minecraft:torch":16,"minecraft:dandelion":18,"minecraft:gravel":1,"minecraft:ink_sac":2,"minecraft:diorite":28,"minecraft:white_bed":1,"minecraft:golden_chestplate":1,"minecraft:arrow":14,"minecraft:rotten_flesh":11,"minecraft:granite":10,"minecraft:diamond_axe":1,"minecraft:oak_sapling":46,"minecraft:coal":27,"minecraft:cobblestone":383},"minecraft:used":{"minecraft:wheat_seeds":26,"minecraft:water_bucket":35,"minecraft:polished_blackstone_brick_slab":1,"minecraft:cobblestone_stairs":33,"minecraft:enchanting_table":1,"minecraft:powered_rail":22,"minecraft:oak_planks":363,"minecraft:chest":26,"minecraft:shield":11,"minecraft:redstone_block":15,"minecraft:cobblestone_slab":1895,"minecraft:sugar_cane":74,"minecraft:diamond_axe":320,"minecraft:stone_hoe":523,"securitycraft:reinforced_glass_pane":2,"minecraft:torch":41,"minecraft:dirt":661,"minecraft:rail":15,"minecraft:crafting_table":4,"securitycraft:reinforced_blue_stained_glass":1,"hammers:stone_hammer":54,"securitycraft:universal_block_remover":2,"minecraft:diamond_pickaxe":189,"minecraft:lever":3,"minecraft:sea_lantern":1,"minecraft:diamond_shovel":1080,"minecraft:bookshelf":9,"minecraft:bread":22,"minecraft:grass_block":23,"carryon:entity_item":7,"minecraft:diamond_sword":9,"minecraft:cobblestone":53,"minecraft:bow":4,"minecraft:furnace":8,"minecraft:oak_sapling":35,"minecraft:cooked_porkchop":2,"minecraft:minecart":3,"minecraft:bucket":35},"minecraft:mined":{"minecraft:oak_sapling":2,"minecraft:farmland":2,"minecraft:cobblestone_stairs":19,"minecraft:dandelion":19,"minecraft:crafting_table":2,"minecraft:cornflower":1,"minecraft:torch":2,"minecraft:grass_block":597,"minecraft:poppy":14,"minecraft:chest":1,"minecraft:tall_grass":14,"minecraft:cobblestone":10,"minecraft:sugar_cane":136,"minecraft:oak_planks":22,"minecraft:diorite":2,"minecraft:wall_torch":7,"minecraft:furnace":9,"minecraft:iron_ore":7,"minecraft:azure_bluet":9,"minecraft:grass":757,"minecraft:oak_log":209,"minecraft:coal_ore":23,"minecraft:cobblestone_slab":73,"minecraft:gravel":1,"minecraft:dirt":420,"minecraft:stonecutter":1,"minecraft:stone":43,"minecraft:oak_leaves":37},"minecraft:custom":{"minecraft:interact_with_furnace":17,"minecraft:mob_kills":3,"minecraft:interact_with_crafting_table":24,"minecraft:play_one_minute":226936,"minecraft:leave_game":9,"minecraft:time_since_death":226936,"minecraft:sleep_in_bed":12,"minecraft:time_since_rest":1189,"minecraft:sprint_one_cm":623339,"minecraft:damage_taken":68,"minecraft:walk_one_cm":853820,"minecraft:damage_blocked_by_shield":540,"minecraft:drop":8,"minecraft:minecart_one_cm":7290,"minecraft:damage_dealt":540,"minecraft:fly_one_cm":682988,"minecraft:open_chest":208,"minecraft:crouch_one_cm":25533,"minecraft:sneak_time":5590,"minecraft:walk_under_water_one_cm":739,"minecraft:jump":2548,"minecraft:walk_on_water_one_cm":3365,"minecraft:fall_one_cm":8961}},"DataVersion":2586}