{"stats":{"minecraft:dropped":{"minecraft:wheat_seeds":1,"minecraft:cooked_porkchop":30,"minecraft:white_bed":1,"hammers:stone_hammer":1},"minecraft:used":{"minecraft:polished_blackstone_brick_slab":1,"minecraft:cobblestone_stairs":33,"minecraft:powered_rail":22,"minecraft:oak_planks":19,"minecraft:chest":8,"minecraft:shield":8,"minecraft:redstone_block":15,"minecraft:diamond_axe":55,"minecraft:cobblestone_slab":182,"securitycraft:reinforced_glass_pane":2,"minecraft:torch":9,"minecraft:rail":15,"securitycraft:reinforced_blue_stained_glass":1,"hammers:stone_hammer":26,"securitycraft:universal_block_remover":2,"minecraft:sea_lantern":1,"minecraft:lever":3,"minecraft:diamond_pickaxe":78,"minecraft:diamond_shovel":144,"minecraft:grass_block":23,"minecraft:bread":3,"carryon:entity_item":2,"minecraft:diamond_sword":4,"minecraft:cobblestone":45,"minecraft:bow":2,"minecraft:cooked_porkchop":2,"minecraft:minecart":3},"minecraft:killed":{"majruszs_difficulty:elite_skeleton":1,"minecraft:skeleton":1},"minecraft:custom":{"minecraft:interact_with_furnace":5,"minecraft:mob_kills":2,"minecraft:interact_with_crafting_table":3,"minecraft:play_one_minute":95975,"minecraft:leave_game":7,"minecraft:time_since_death":95975,"minecraft:sleep_in_bed":2,"minecraft:time_since_rest":0,"minecraft:sprint_one_cm":185280,"minecraft:damage_taken":54,"minecraft:walk_one_cm":197464,"minecraft:damage_blocked_by_shield":430,"minecraft:drop":6,"minecraft:minecart_one_cm":7290,"minecraft:damage_dealt":300,"minecraft:fly_one_cm":362956,"minecraft:open_chest":26,"minecraft:crouch_one_cm":3811,"minecraft:sneak_time":1308,"minecraft:walk_under_water_one_cm":156,"minecraft:jump":1320,"minecraft:walk_on_water_one_cm":295,"minecraft:fall_one_cm":3136},"minecraft:picked_up":{"securitycraft:reinforced_glass_pane":2,"minecraft:oak_log":60,"minecraft:cobblestone_stairs":19,"minecraft:dirt":146,"minecraft:cornflower":1,"minecraft:bone":6,"hammers:stone_hammer":1,"minecraft:apple":1,"minecraft:wheat_seeds":3,"minecraft:iron_ore":10,"minecraft:cobblestone_slab":6,"minecraft:poppy":1,"minecraft:powered_rail":6,"minecraft:sugar_cane":24,"minecraft:oak_planks":6,"minecraft:stick":5,"minecraft:cooked_porkchop":10,"minecraft:torch":8,"minecraft:gravel":1,"minecraft:diorite":15,"minecraft:white_bed":1,"minecraft:golden_chestplate":1,"minecraft:arrow":8,"minecraft:rotten_flesh":1,"minecraft:granite":5,"minecraft:coal":23,"minecraft:cobblestone":206},"minecraft:mined":{"minecraft:cobblestone_stairs":19,"minecraft:cornflower":1,"minecraft:grass_block":1,"minecraft:tall_grass":1,"minecraft:cobblestone":8,"minecraft:oak_planks":8,"minecraft:sugar_cane":12,"minecraft:wall_torch":5,"minecraft:iron_ore":7,"minecraft:grass":57,"minecraft:coal_ore":23,"minecraft:oak_log":38,"minecraft:cobblestone_slab":4,"minecraft:gravel":1,"minecraft:dirt":145,"minecraft:stone":16,"minecraft:oak_leaves":8},"minecraft:crafted":{"minecraft:oak_planks":64,"minecraft:cobblestone_slab":640,"minecraft:cobblestone_stairs":40,"minecraft:chest":8,"minecraft:gold_ingot":9}},"DataVersion":2586}