{"stats":{"minecraft:crafted":{"minecraft:black_dye":2,"minecraft:grindstone":1,"minecraft:oak_door":6,"minecraft:oak_planks":2016,"minecraft:cobblestone_slab":2116,"minecraft:cobblestone_stairs":40,"minecraft:stone":16,"minecraft:bone_meal":63,"minecraft:bookshelf":12,"minecraft:glass_pane":64,"minecraft:bow":2,"minecraft:ladder":12,"minecraft:chest":33,"minecraft:stone_hoe":5,"minecraft:red_dye":44,"minecraft:oak_slab":324,"minecraft:diamond_sword":1,"minecraft:emerald":62,"minecraft:crafting_table":7,"minecraft:smithing_table":1,"minecraft:birch_planks":56,"minecraft:enchanted_book":3,"minecraft:air":0,"minecraft:oak_boat":1,"minecraft:lectern":1,"minecraft:diamond_pickaxe":1,"minecraft:book":39,"minecraft:paper":339,"minecraft:golden_apple":2,"minecraft:yellow_dye":19,"minecraft:stick":1992,"minecraft:stone_slab":6,"minecraft:iron_ingot":15,"minecraft:oak_stairs":16,"minecraft:iron_block":3,"minecraft:gold_ingot":9,"minecraft:anvil":1,"minecraft:light_gray_dye":14,"minecraft:torch":92},"minecraft:dropped":{"minecraft:wheat_seeds":2,"minecraft:diamond_axe":1,"minecraft:cooked_porkchop":30,"minecraft:crossbow":4,"minecraft:cobblestone":125,"minecraft:granite":300,"minecraft:diorite":31,"minecraft:composter":1,"minecraft:beetroot":1,"minecraft:rotten_flesh":2,"minecraft:oak_planks":3,"minecraft:white_bed":1,"minecraft:andesite":65,"hammers:stone_hammer":3},"minecraft:killed":{"minecraft:witch":3,"majruszs_difficulty:pillager_wolf":8,"minecraft:vindicator":7,"majruszs_difficulty:elite_skeleton":1,"minecraft:horse":6,"minecraft:skeleton":1,"minecraft:zombie_villager":1,"minecraft:ravager":1,"minecraft:sheep":1,"minecraft:trader_llama":2,"minecraft:pillager":20,"minecraft:zombie":2,"minecraft:donkey":2,"minecraft:villager":1,"minecraft:cow":8},"minecraft:broken":{"minecraft:stone_hoe":3,"hammers:stone_hammer":1},"minecraft:used":{"minecraft:polished_blackstone_brick_slab":1,"minecraft:enchanting_table":1,"minecraft:ladder":11,"minecraft:chest":40,"minecraft:shield":14,"minecraft:stone_hoe":523,"minecraft:oak_door":6,"minecraft:torch":120,"minecraft:dirt":689,"minecraft:anvil":1,"hammers:stone_hammer":357,"minecraft:sea_lantern":1,"minecraft:bookshelf":15,"minecraft:grass_block":23,"minecraft:oak_stairs":12,"carryon:entity_item":7,"carryon:tile_item":1,"minecraft:bow":179,"minecraft:oak_sapling":88,"minecraft:furnace":8,"minecraft:minecart":3,"minecraft:egg":2,"minecraft:wheat_seeds":26,"minecraft:water_bucket":35,"minecraft:cobblestone_stairs":33,"minecraft:birch_planks":85,"minecraft:powered_rail":22,"minecraft:oak_planks":449,"minecraft:redstone_block":15,"minecraft:fletching_table":1,"minecraft:diamond_axe":1127,"minecraft:sugar_cane":77,"minecraft:cobblestone_slab":2208,"securitycraft:reinforced_glass_pane":2,"minecraft:golden_apple":1,"minecraft:rail":15,"minecraft:crafting_table":14,"minecraft:oak_slab":262,"securitycraft:reinforced_blue_stained_glass":1,"securitycraft:universal_block_remover":2,"minecraft:white_bed":8,"minecraft:lever":3,"minecraft:diamond_pickaxe":528,"minecraft:diamond_shovel":1096,"minecraft:bread":65,"minecraft:lectern":280,"minecraft:diamond_sword":97,"minecraft:cobblestone":599,"minecraft:cooked_porkchop":2,"minecraft:grindstone":1,"minecraft:smithing_table":1,"minecraft:bucket":35,"minecraft:glass_pane":20,"minecraft:yellow_bed":10,"minecraft:oak_boat":10,"minecraft:bone_meal":60},"minecraft:picked_up":{"minecraft:crafting_table":7,"minecraft:wheat":7,"minecraft:azure_bluet":8,"minecraft:ladder":1,"minecraft:smithing_table":1,"minecraft:lead":2,"minecraft:oak_stairs":28,"securitycraft:reinforced_glass_pane":2,"minecraft:cornflower":1,"hammers:stone_hammer":1,"minecraft:beetroot":1,"minecraft:beef":24,"minecraft:oak_boat":10,"minecraft:cobblestone_slab":168,"minecraft:poppy":20,"minecraft:lectern":279,"minecraft:sugar_cane":421,"minecraft:chest":7,"minecraft:egg":2,"minecraft:furnace":9,"minecraft:stick":92,"minecraft:oak_door":2,"minecraft:composter":1,"minecraft:torch":70,"minecraft:diorite":59,"minecraft:carrot":5,"minecraft:golden_chestplate":1,"minecraft:arrow":20,"minecraft:rotten_flesh":18,"minecraft:beetroot_seeds":2,"minecraft:saddle":1,"minecraft:mutton":1,"minecraft:white_wool":1,"minecraft:cobblestone":1807,"minecraft:birch_log":14,"minecraft:clock":1,"minecraft:water_bucket":1,"minecraft:andesite":72,"minecraft:leather":27,"minecraft:potato":61,"minecraft:birch_planks":40,"minecraft:oak_log":526,"minecraft:yellow_bed":8,"minecraft:cobblestone_stairs":19,"minecraft:lapis_lazuli":32,"minecraft:dirt":1055,"minecraft:white_banner":1,"minecraft:bone":13,"minecraft:apple":14,"minecraft:stonecutter":1,"minecraft:wheat_seeds":132,"minecraft:bell":1,"minecraft:iron_ore":71,"minecraft:fletching_table":3,"minecraft:powered_rail":6,"minecraft:stone_hoe":1,"minecraft:oak_planks":109,"minecraft:oak_slab":105,"minecraft:cooked_porkchop":10,"minecraft:dandelion":19,"minecraft:gravel":1,"minecraft:ink_sac":2,"minecraft:white_bed":6,"minecraft:gold_ore":18,"minecraft:spider_eye":2,"minecraft:diamond":17,"minecraft:crossbow":4,"minecraft:diamond_axe":1,"minecraft:granite":310,"minecraft:emerald":1,"minecraft:oak_sapling":142,"minecraft:coal":27,"minecraft:diamond_pickaxe":1},"minecraft:mined":{"minecraft:diamond_ore":17,"minecraft:white_bed":5,"minecraft:farmland":2,"minecraft:oak_sapling":3,"minecraft:oak_door":2,"minecraft:cobblestone_stairs":19,"minecraft:ladder":1,"minecraft:granite":3,"minecraft:grass_block":605,"minecraft:composter":1,"minecraft:redstone_ore":90,"minecraft:furnace":9,"minecraft:carrots":2,"minecraft:iron_ore":7,"minecraft:andesite":3,"minecraft:fletching_table":3,"minecraft:azure_bluet":9,"minecraft:bell":1,"minecraft:potatoes":15,"minecraft:cobblestone_slab":82,"minecraft:oak_stairs":12,"minecraft:stone":67,"minecraft:smithing_table":1,"minecraft:oak_slab":68,"minecraft:dandelion":20,"minecraft:cornflower":1,"minecraft:crafting_table":7,"minecraft:torch":11,"minecraft:poppy":14,"minecraft:chest":7,"minecraft:lectern":279,"minecraft:tall_grass":64,"minecraft:cobblestone":138,"minecraft:lapis_ore":2,"minecraft:oak_planks":78,"minecraft:sugar_cane":319,"minecraft:diorite":2,"minecraft:wall_torch":12,"minecraft:birch_planks":35,"minecraft:birch_log":14,"minecraft:wheat":7,"minecraft:grass_path":3,"minecraft:yellow_bed":8,"minecraft:grass":923,"minecraft:coal_ore":66,"minecraft:oak_log":506,"minecraft:beetroots":1,"minecraft:gravel":1,"minecraft:dirt":467,"minecraft:stonecutter":1,"minecraft:gold_ore":18,"minecraft:oak_leaves":64},"minecraft:custom":{"minecraft:interact_with_smithing_table":2,"minecraft:mob_kills":68,"minecraft:interact_with_anvil":5,"minecraft:interact_with_crafting_table":68,"minecraft:bell_ring":6,"minecraft:leave_game":9,"minecraft:time_since_death":478936,"minecraft:climb_one_cm":7649,"minecraft:sprint_one_cm":1330045,"minecraft:walk_one_cm":1699265,"minecraft:damage_blocked_by_shield":660,"minecraft:drop":31,"minecraft:talked_to_villager":324,"minecraft:sneak_time":31081,"minecraft:walk_under_water_one_cm":2661,"minecraft:boat_one_cm":238644,"minecraft:jump":5715,"minecraft:walk_on_water_one_cm":14587,"minecraft:enchant_item":4,"minecraft:interact_with_furnace":20,"minecraft:traded_with_villager":67,"minecraft:play_one_minute":478936,"minecraft:raid_trigger":1,"minecraft:interact_with_grindstone":2,"minecraft:sleep_in_bed":30,"minecraft:time_since_rest":0,"minecraft:damage_taken":473,"minecraft:damage_absorbed":6,"minecraft:damage_dealt":4483,"minecraft:minecart_one_cm":7290,"minecraft:fly_one_cm":1389646,"minecraft:open_chest":441,"minecraft:crouch_one_cm":111861,"minecraft:fall_one_cm":62291}},"DataVersion":2586}