{"stats":{"minecraft:crafted":{"minecraft:black_dye":2,"minecraft:red_dye":44,"minecraft:grindstone":1,"minecraft:oak_planks":900,"minecraft:cobblestone_slab":1798,"minecraft:diamond_sword":1,"minecraft:emerald":4,"minecraft:crafting_table":2,"minecraft:smithing_table":1,"minecraft:stone":16,"minecraft:cobblestone_stairs":40,"minecraft:bone_meal":36,"minecraft:bookshelf":11,"minecraft:air":0,"minecraft:golden_apple":2,"minecraft:book":29,"minecraft:paper":120,"minecraft:diamond_pickaxe":1,"minecraft:yellow_dye":19,"minecraft:stick":136,"minecraft:stone_slab":6,"minecraft:iron_block":3,"minecraft:chest":30,"minecraft:gold_ingot":9,"minecraft:anvil":1,"minecraft:light_gray_dye":14,"minecraft:stone_hoe":5},"minecraft:dropped":{"minecraft:wheat_seeds":2,"minecraft:diamond_axe":1,"minecraft:cooked_porkchop":30,"minecraft:white_bed":1,"hammers:stone_hammer":1},"minecraft:killed":{"majruszs_difficulty:elite_skeleton":1,"minecraft:skeleton":1,"minecraft:donkey":2,"minecraft:zombie":1,"minecraft:cow":8},"minecraft:broken":{"minecraft:stone_hoe":3},"minecraft:used":{"minecraft:wheat_seeds":26,"minecraft:water_bucket":35,"minecraft:polished_blackstone_brick_slab":1,"minecraft:cobblestone_stairs":33,"minecraft:enchanting_table":1,"minecraft:powered_rail":22,"minecraft:oak_planks":363,"minecraft:chest":31,"minecraft:shield":11,"minecraft:redstone_block":15,"minecraft:cobblestone_slab":1895,"minecraft:sugar_cane":74,"minecraft:diamond_axe":338,"minecraft:stone_hoe":523,"securitycraft:reinforced_glass_pane":2,"minecraft:torch":43,"minecraft:anvil":1,"minecraft:dirt":665,"minecraft:rail":15,"minecraft:crafting_table":4,"securitycraft:reinforced_blue_stained_glass":1,"hammers:stone_hammer":54,"securitycraft:universal_block_remover":2,"minecraft:diamond_pickaxe":189,"minecraft:lever":3,"minecraft:sea_lantern":1,"minecraft:diamond_shovel":1080,"minecraft:bookshelf":15,"minecraft:bread":28,"minecraft:grass_block":23,"carryon:entity_item":7,"minecraft:diamond_sword":39,"minecraft:cobblestone":55,"minecraft:bow":4,"minecraft:grindstone":1,"minecraft:furnace":8,"minecraft:oak_sapling":35,"minecraft:cooked_porkchop":2,"minecraft:smithing_table":1,"minecraft:minecart":3,"minecraft:bucket":35},"minecraft:picked_up":{"minecraft:wheat":7,"minecraft:crafting_table":2,"minecraft:azure_bluet":8,"minecraft:water_bucket":1,"minecraft:leather":17,"minecraft:potato":61,"securitycraft:reinforced_glass_pane":2,"minecraft:oak_log":247,"minecraft:cobblestone_stairs":19,"minecraft:cornflower":1,"minecraft:dirt":1022,"minecraft:bone":10,"hammers:stone_hammer":1,"minecraft:apple":7,"minecraft:stonecutter":1,"minecraft:wheat_seeds":114,"minecraft:beef":24,"minecraft:iron_ore":11,"minecraft:cobblestone_slab":159,"minecraft:poppy":20,"minecraft:powered_rail":6,"minecraft:sugar_cane":197,"minecraft:chest":1,"minecraft:oak_planks":56,"minecraft:stone_hoe":1,"minecraft:furnace":9,"minecraft:stick":42,"minecraft:cooked_porkchop":10,"minecraft:torch":18,"minecraft:dandelion":18,"minecraft:gravel":1,"minecraft:ink_sac":2,"minecraft:diorite":28,"minecraft:white_bed":1,"minecraft:carrot":5,"minecraft:golden_chestplate":1,"minecraft:arrow":14,"minecraft:rotten_flesh":11,"minecraft:granite":10,"minecraft:diamond_axe":1,"minecraft:oak_sapling":49,"minecraft:coal":27,"minecraft:cobblestone":383},"minecraft:mined":{"minecraft:oak_sapling":2,"minecraft:farmland":2,"minecraft:cobblestone_stairs":19,"minecraft:dandelion":19,"minecraft:crafting_table":2,"minecraft:cornflower":1,"minecraft:torch":4,"minecraft:grass_block":597,"minecraft:poppy":14,"minecraft:chest":1,"minecraft:tall_grass":21,"minecraft:cobblestone":10,"minecraft:sugar_cane":181,"minecraft:oak_planks":22,"minecraft:diorite":2,"minecraft:wall_torch":7,"minecraft:carrots":2,"minecraft:wheat":7,"minecraft:furnace":9,"minecraft:iron_ore":7,"minecraft:azure_bluet":9,"minecraft:grass":760,"minecraft:potatoes":15,"minecraft:oak_log":226,"minecraft:coal_ore":23,"minecraft:cobblestone_slab":73,"minecraft:gravel":1,"minecraft:dirt":424,"minecraft:stonecutter":1,"minecraft:stone":43,"minecraft:oak_leaves":37},"minecraft:custom":{"minecraft:interact_with_smithing_table":2,"minecraft:interact_with_furnace":17,"minecraft:interact_with_anvil":2,"minecraft:mob_kills":13,"minecraft:traded_with_villager":4,"minecraft:interact_with_crafting_table":44,"minecraft:play_one_minute":256936,"minecraft:interact_with_grindstone":2,"minecraft:leave_game":9,"minecraft:time_since_death":256936,"minecraft:sleep_in_bed":14,"minecraft:time_since_rest":5621,"minecraft:sprint_one_cm":719075,"minecraft:damage_taken":88,"minecraft:walk_one_cm":930421,"minecraft:damage_blocked_by_shield":540,"minecraft:drop":8,"minecraft:minecart_one_cm":7290,"minecraft:damage_dealt":1720,"minecraft:talked_to_villager":3,"minecraft:fly_one_cm":803133,"minecraft:open_chest":279,"minecraft:crouch_one_cm":27420,"minecraft:sneak_time":5998,"minecraft:walk_under_water_one_cm":2400,"minecraft:jump":2987,"minecraft:walk_on_water_one_cm":10515,"minecraft:enchant_item":2,"minecraft:fall_one_cm":15753}},"DataVersion":2586}