{"stats":{"minecraft:dropped":{"minecraft:wheat_seeds":1,"minecraft:diamond_axe":1,"minecraft:cooked_porkchop":30,"minecraft:white_bed":1,"hammers:stone_hammer":1},"minecraft:used":{"minecraft:water_bucket":21,"minecraft:polished_blackstone_brick_slab":1,"minecraft:cobblestone_stairs":33,"minecraft:powered_rail":22,"minecraft:oak_planks":183,"minecraft:chest":8,"minecraft:shield":11,"minecraft:redstone_block":15,"minecraft:sugar_cane":16,"minecraft:cobblestone_slab":1174,"minecraft:diamond_axe":78,"securitycraft:reinforced_glass_pane":2,"minecraft:torch":33,"minecraft:dirt":11,"minecraft:rail":15,"securitycraft:reinforced_blue_stained_glass":1,"hammers:stone_hammer":51,"securitycraft:universal_block_remover":2,"minecraft:diamond_pickaxe":135,"minecraft:lever":3,"minecraft:sea_lantern":1,"minecraft:diamond_shovel":221,"minecraft:grass_block":23,"minecraft:bread":7,"carryon:entity_item":2,"minecraft:diamond_sword":9,"minecraft:cobblestone":51,"minecraft:bow":4,"minecraft:cooked_porkchop":2,"minecraft:bucket":21,"minecraft:minecart":3},"minecraft:killed":{"majruszs_difficulty:elite_skeleton":1,"minecraft:skeleton":1,"minecraft:zombie":1},"minecraft:custom":{"minecraft:interact_with_furnace":5,"minecraft:mob_kills":3,"minecraft:interact_with_crafting_table":9,"minecraft:play_one_minute":131412,"minecraft:leave_game":8,"minecraft:time_since_death":131412,"minecraft:sleep_in_bed":4,"minecraft:time_since_rest":1653,"minecraft:sprint_one_cm":278363,"minecraft:damage_taken":68,"minecraft:walk_one_cm":395950,"minecraft:damage_blocked_by_shield":540,"minecraft:drop":7,"minecraft:minecart_one_cm":7290,"minecraft:damage_dealt":540,"minecraft:fly_one_cm":428565,"minecraft:open_chest":57,"minecraft:crouch_one_cm":6650,"minecraft:sneak_time":2004,"minecraft:walk_under_water_one_cm":156,"minecraft:jump":1591,"minecraft:walk_on_water_one_cm":565,"minecraft:fall_one_cm":3821},"minecraft:picked_up":{"securitycraft:reinforced_glass_pane":2,"minecraft:oak_log":77,"minecraft:cobblestone_stairs":19,"minecraft:cornflower":1,"minecraft:dirt":240,"minecraft:bone":6,"hammers:stone_hammer":1,"minecraft:apple":1,"minecraft:wheat_seeds":9,"minecraft:iron_ore":11,"minecraft:cobblestone_slab":68,"minecraft:poppy":1,"minecraft:powered_rail":6,"minecraft:sugar_cane":40,"minecraft:oak_planks":42,"minecraft:stick":9,"minecraft:cooked_porkchop":10,"minecraft:torch":12,"minecraft:gravel":1,"minecraft:diorite":28,"minecraft:white_bed":1,"minecraft:golden_chestplate":1,"minecraft:arrow":10,"minecraft:rotten_flesh":8,"minecraft:granite":10,"minecraft:diamond_axe":1,"minecraft:oak_sapling":5,"minecraft:coal":27,"minecraft:cobblestone":349},"minecraft:mined":{"minecraft:cobblestone_stairs":19,"minecraft:cornflower":1,"minecraft:grass_block":24,"minecraft:tall_grass":1,"minecraft:cobblestone":9,"minecraft:sugar_cane":28,"minecraft:oak_planks":8,"minecraft:diorite":2,"minecraft:wall_torch":6,"minecraft:iron_ore":7,"minecraft:grass":143,"minecraft:oak_log":55,"minecraft:coal_ore":23,"minecraft:cobblestone_slab":51,"minecraft:gravel":1,"minecraft:dirt":216,"minecraft:stone":22,"minecraft:oak_leaves":16},"minecraft:crafted":{"minecraft:oak_planks":220,"minecraft:cobblestone_slab":1798,"minecraft:cobblestone_stairs":40,"minecraft:paper":24,"minecraft:book":8,"minecraft:chest":8,"minecraft:gold_ingot":9}},"DataVersion":2586}