{"stats":{"minecraft:crafted":{"minecraft:black_dye":2,"minecraft:grindstone":1,"minecraft:oak_door":6,"minecraft:oak_planks":1800,"minecraft:cobblestone_slab":1924,"minecraft:cobblestone_stairs":40,"minecraft:stone":16,"minecraft:bone_meal":54,"minecraft:bookshelf":11,"minecraft:chest":30,"minecraft:stone_hoe":5,"minecraft:red_dye":44,"minecraft:oak_slab":102,"minecraft:diamond_sword":1,"minecraft:emerald":62,"minecraft:crafting_table":4,"minecraft:smithing_table":1,"minecraft:air":0,"minecraft:diamond_pickaxe":1,"minecraft:book":29,"minecraft:paper":198,"minecraft:golden_apple":2,"minecraft:yellow_dye":19,"minecraft:stick":1960,"minecraft:stone_slab":6,"minecraft:iron_ingot":15,"minecraft:iron_block":3,"minecraft:gold_ingot":9,"minecraft:anvil":1,"minecraft:light_gray_dye":14,"minecraft:torch":92},"minecraft:dropped":{"minecraft:wheat_seeds":2,"minecraft:diamond_axe":1,"minecraft:cooked_porkchop":30,"minecraft:cobblestone":125,"minecraft:granite":300,"minecraft:diorite":31,"minecraft:rotten_flesh":2,"minecraft:oak_planks":3,"minecraft:white_bed":1,"minecraft:andesite":65,"hammers:stone_hammer":3},"minecraft:killed":{"majruszs_difficulty:elite_skeleton":1,"minecraft:skeleton":1,"minecraft:zombie":1,"minecraft:donkey":2,"minecraft:cow":8},"minecraft:broken":{"minecraft:stone_hoe":3,"hammers:stone_hammer":1},"minecraft:used":{"minecraft:polished_blackstone_brick_slab":1,"minecraft:enchanting_table":1,"minecraft:chest":31,"minecraft:shield":11,"minecraft:stone_hoe":523,"minecraft:oak_door":6,"minecraft:torch":99,"minecraft:dirt":673,"minecraft:anvil":1,"hammers:stone_hammer":357,"minecraft:sea_lantern":1,"minecraft:bookshelf":15,"minecraft:grass_block":23,"carryon:entity_item":7,"carryon:tile_item":1,"minecraft:bow":4,"minecraft:oak_sapling":88,"minecraft:furnace":8,"minecraft:minecart":3,"minecraft:wheat_seeds":26,"minecraft:water_bucket":35,"minecraft:cobblestone_stairs":33,"minecraft:powered_rail":22,"minecraft:oak_planks":380,"minecraft:redstone_block":15,"minecraft:diamond_axe":666,"minecraft:sugar_cane":77,"minecraft:cobblestone_slab":1952,"securitycraft:reinforced_glass_pane":2,"minecraft:rail":15,"minecraft:crafting_table":7,"minecraft:oak_slab":95,"securitycraft:reinforced_blue_stained_glass":1,"securitycraft:universal_block_remover":2,"minecraft:white_bed":3,"minecraft:lever":3,"minecraft:diamond_pickaxe":430,"minecraft:diamond_shovel":1096,"minecraft:bread":38,"minecraft:lectern":36,"minecraft:diamond_sword":41,"minecraft:cobblestone":346,"minecraft:cooked_porkchop":2,"minecraft:grindstone":1,"minecraft:smithing_table":1,"minecraft:bucket":35,"minecraft:bone_meal":60},"minecraft:picked_up":{"minecraft:crafting_table":3,"minecraft:wheat":7,"minecraft:azure_bluet":8,"securitycraft:reinforced_glass_pane":2,"minecraft:cornflower":1,"hammers:stone_hammer":1,"minecraft:beef":24,"minecraft:cobblestone_slab":162,"minecraft:poppy":20,"minecraft:lectern":37,"minecraft:sugar_cane":280,"minecraft:chest":1,"minecraft:furnace":9,"minecraft:stick":88,"minecraft:oak_door":2,"minecraft:torch":25,"minecraft:diorite":59,"minecraft:carrot":5,"minecraft:golden_chestplate":1,"minecraft:arrow":16,"minecraft:rotten_flesh":15,"minecraft:cobblestone":1656,"minecraft:clock":1,"minecraft:water_bucket":1,"minecraft:andesite":72,"minecraft:leather":17,"minecraft:potato":61,"minecraft:oak_log":472,"minecraft:cobblestone_stairs":19,"minecraft:lapis_lazuli":32,"minecraft:dirt":1031,"minecraft:bone":10,"minecraft:apple":13,"minecraft:stonecutter":1,"minecraft:wheat_seeds":114,"minecraft:iron_ore":71,"minecraft:powered_rail":6,"minecraft:stone_hoe":1,"minecraft:oak_planks":97,"minecraft:oak_slab":2,"minecraft:cooked_porkchop":10,"minecraft:dandelion":18,"minecraft:gravel":1,"minecraft:ink_sac":2,"minecraft:white_bed":3,"minecraft:gold_ore":18,"minecraft:diamond":17,"minecraft:diamond_axe":1,"minecraft:granite":310,"minecraft:oak_sapling":142,"minecraft:coal":27,"minecraft:diamond_pickaxe":1},"minecraft:mined":{"minecraft:diamond_ore":17,"minecraft:white_bed":2,"minecraft:farmland":2,"minecraft:oak_sapling":3,"minecraft:oak_door":2,"minecraft:cobblestone_stairs":19,"minecraft:granite":3,"minecraft:grass_block":598,"minecraft:redstone_ore":90,"minecraft:furnace":9,"minecraft:carrots":2,"minecraft:iron_ore":7,"minecraft:andesite":3,"minecraft:azure_bluet":9,"minecraft:potatoes":15,"minecraft:cobblestone_slab":76,"minecraft:stone":67,"minecraft:oak_slab":1,"minecraft:dandelion":19,"minecraft:cornflower":1,"minecraft:crafting_table":3,"minecraft:torch":8,"minecraft:poppy":14,"minecraft:chest":1,"minecraft:lectern":37,"minecraft:tall_grass":21,"minecraft:cobblestone":48,"minecraft:lapis_ore":2,"minecraft:oak_planks":66,"minecraft:sugar_cane":248,"minecraft:diorite":2,"minecraft:wall_torch":10,"minecraft:wheat":7,"minecraft:grass":761,"minecraft:coal_ore":66,"minecraft:oak_log":452,"minecraft:gravel":1,"minecraft:dirt":452,"minecraft:stonecutter":1,"minecraft:gold_ore":18,"minecraft:oak_leaves":56},"minecraft:custom":{"minecraft:interact_with_smithing_table":2,"minecraft:mob_kills":13,"minecraft:interact_with_anvil":2,"minecraft:interact_with_crafting_table":49,"minecraft:leave_game":9,"minecraft:time_since_death":328936,"minecraft:sprint_one_cm":942109,"minecraft:walk_one_cm":1196129,"minecraft:damage_blocked_by_shield":540,"minecraft:drop":25,"minecraft:talked_to_villager":48,"minecraft:sneak_time":10431,"minecraft:walk_under_water_one_cm":2400,"minecraft:jump":3623,"minecraft:walk_on_water_one_cm":11023,"minecraft:enchant_item":2,"minecraft:interact_with_furnace":20,"minecraft:traded_with_villager":62,"minecraft:play_one_minute":328936,"minecraft:interact_with_grindstone":2,"minecraft:sleep_in_bed":18,"minecraft:time_since_rest":2852,"minecraft:damage_taken":142,"minecraft:damage_dealt":1742,"minecraft:minecart_one_cm":7290,"minecraft:fly_one_cm":928525,"minecraft:open_chest":340,"minecraft:crouch_one_cm":47511,"minecraft:fall_one_cm":24206}},"DataVersion":2586}