{"stats":{"minecraft:dropped":{"minecraft:wheat_seeds":1},"minecraft:picked_up":{"minecraft:wheat_seeds":3,"minecraft:gravel":1,"minecraft:powered_rail":6,"minecraft:cornflower":1,"minecraft:dirt":1},"minecraft:used":{"minecraft:lever":3,"minecraft:sea_lantern":1,"minecraft:rail":15,"securitycraft:reinforced_blue_stained_glass":1,"minecraft:grass_block":23,"minecraft:cooked_porkchop":2,"minecraft:oak_planks":15,"minecraft:powered_rail":22,"minecraft:minecart":3,"carryon:entity_item":2,"minecraft:redstone_block":15},"minecraft:mined":{"minecraft:grass":46,"minecraft:grass_block":1,"minecraft:gravel":1,"minecraft:tall_grass":1,"minecraft:cornflower":1},"minecraft:custom":{"minecraft:time_since_rest":57131,"minecraft:crouch_one_cm":2926,"minecraft:play_one_minute":57131,"minecraft:sprint_one_cm":99615,"minecraft:damage_taken":30,"minecraft:walk_one_cm":62998,"minecraft:sneak_time":1006,"minecraft:drop":1,"minecraft:jump":1031,"minecraft:minecart_one_cm":7290,"minecraft:damage_dealt":100,"minecraft:leave_game":6,"minecraft:time_since_death":57131,"minecraft:fall_one_cm":1195,"minecraft:fly_one_cm":295440}},"DataVersion":2586}