{"stats":{"minecraft:broken":{"minecraft:stone_hoe":3},"minecraft:dropped":{"minecraft:wheat_seeds":2,"minecraft:diamond_axe":1,"minecraft:cooked_porkchop":30,"minecraft:white_bed":1,"hammers:stone_hammer":1},"minecraft:used":{"minecraft:wheat_seeds":26,"minecraft:water_bucket":35,"minecraft:polished_blackstone_brick_slab":1,"minecraft:enchanting_table":1,"minecraft:cobblestone_stairs":33,"minecraft:powered_rail":22,"minecraft:oak_planks":362,"minecraft:chest":15,"minecraft:shield":11,"minecraft:redstone_block":15,"minecraft:sugar_cane":66,"minecraft:cobblestone_slab":1895,"minecraft:diamond_axe":233,"minecraft:stone_hoe":523,"securitycraft:reinforced_glass_pane":2,"minecraft:torch":41,"minecraft:dirt":661,"minecraft:rail":15,"minecraft:crafting_table":3,"securitycraft:reinforced_blue_stained_glass":1,"hammers:stone_hammer":54,"securitycraft:universal_block_remover":2,"minecraft:diamond_pickaxe":179,"minecraft:lever":3,"minecraft:sea_lantern":1,"minecraft:bookshelf":8,"minecraft:diamond_shovel":1080,"minecraft:grass_block":23,"minecraft:bread":18,"carryon:entity_item":2,"minecraft:diamond_sword":9,"minecraft:cobblestone":53,"minecraft:bow":4,"minecraft:oak_sapling":35,"minecraft:cooked_porkchop":2,"minecraft:bucket":35,"minecraft:minecart":3},"minecraft:killed":{"majruszs_difficulty:elite_skeleton":1,"minecraft:skeleton":1,"minecraft:zombie":1},"minecraft:custom":{"minecraft:interact_with_furnace":5,"minecraft:mob_kills":3,"minecraft:interact_with_crafting_table":17,"minecraft:play_one_minute":197160,"minecraft:leave_game":9,"minecraft:time_since_death":197160,"minecraft:sleep_in_bed":9,"minecraft:time_since_rest":3663,"minecraft:sprint_one_cm":541048,"minecraft:damage_taken":68,"minecraft:walk_one_cm":776608,"minecraft:damage_blocked_by_shield":540,"minecraft:drop":8,"minecraft:minecart_one_cm":7290,"minecraft:damage_dealt":540,"minecraft:fly_one_cm":601718,"minecraft:open_chest":76,"minecraft:crouch_one_cm":24599,"minecraft:sneak_time":5276,"minecraft:walk_under_water_one_cm":404,"minecraft:jump":2237,"minecraft:walk_on_water_one_cm":1248,"minecraft:fall_one_cm":5969},"minecraft:picked_up":{"minecraft:crafting_table":1,"minecraft:azure_bluet":8,"minecraft:water_bucket":1,"securitycraft:reinforced_glass_pane":2,"minecraft:oak_log":161,"minecraft:cobblestone_stairs":19,"minecraft:cornflower":1,"minecraft:dirt":1018,"minecraft:bone":9,"hammers:stone_hammer":1,"minecraft:apple":4,"minecraft:wheat_seeds":92,"minecraft:iron_ore":11,"minecraft:cobblestone_slab":159,"minecraft:poppy":20,"minecraft:powered_rail":6,"minecraft:sugar_cane":92,"minecraft:chest":1,"minecraft:stone_hoe":1,"minecraft:oak_planks":43,"minecraft:stick":29,"minecraft:cooked_porkchop":10,"minecraft:torch":16,"minecraft:dandelion":18,"minecraft:gravel":1,"minecraft:ink_sac":2,"minecraft:diorite":28,"minecraft:white_bed":1,"minecraft:golden_chestplate":1,"minecraft:arrow":12,"minecraft:rotten_flesh":11,"minecraft:granite":10,"minecraft:diamond_axe":1,"minecraft:oak_sapling":41,"minecraft:coal":27,"minecraft:cobblestone":383},"minecraft:mined":{"minecraft:farmland":2,"minecraft:oak_sapling":2,"minecraft:cobblestone_stairs":19,"minecraft:dandelion":19,"minecraft:crafting_table":1,"minecraft:cornflower":1,"minecraft:torch":2,"minecraft:grass_block":597,"minecraft:poppy":14,"minecraft:chest":1,"minecraft:tall_grass":14,"minecraft:cobblestone":10,"minecraft:sugar_cane":78,"minecraft:oak_planks":9,"minecraft:diorite":2,"minecraft:wall_torch":7,"minecraft:iron_ore":7,"minecraft:azure_bluet":9,"minecraft:grass":757,"minecraft:oak_log":140,"minecraft:coal_ore":23,"minecraft:cobblestone_slab":73,"minecraft:gravel":1,"minecraft:dirt":420,"minecraft:stone":43,"minecraft:oak_leaves":33},"minecraft:crafted":{"minecraft:oak_planks":556,"minecraft:cobblestone_slab":1798,"minecraft:crafting_table":2,"minecraft:cobblestone_stairs":40,"minecraft:bookshelf":4,"minecraft:paper":24,"minecraft:book":8,"minecraft:chest":14,"minecraft:gold_ingot":9,"minecraft:stone_hoe":5}},"DataVersion":2586}