{"stats":{"minecraft:dropped":{"minecraft:wheat_seeds":15,"minecraft:diamond_axe":1,"minecraft:cooked_porkchop":30,"minecraft:crossbow":4,"minecraft:cobblestone":125,"minecraft:granite":300,"minecraft:diorite":31,"minecraft:composter":1,"minecraft:beetroot":1,"minecraft:rotten_flesh":2,"minecraft:oak_planks":3,"minecraft:white_bed":1,"minecraft:andesite":65,"hammers:stone_hammer":3},"minecraft:used":{"minecraft:oak_fence":18,"minecraft:polished_blackstone_brick_slab":1,"minecraft:enchanting_table":2,"minecraft:ladder":11,"minecraft:chest":45,"minecraft:shield":14,"minecraft:bell":1,"minecraft:stone_hoe":523,"minecraft:oak_door":9,"minecraft:torch":144,"minecraft:dirt":1317,"minecraft:anvil":1,"hammers:stone_hammer":357,"minecraft:oak_fence_gate":3,"minecraft:sea_lantern":1,"minecraft:bookshelf":15,"minecraft:grass_block":23,"minecraft:oak_stairs":12,"carryon:entity_item":7,"carryon:tile_item":1,"minecraft:bow":179,"minecraft:oak_sapling":189,"minecraft:furnace":8,"minecraft:minecart":3,"minecraft:egg":2,"minecraft:wheat_seeds":26,"minecraft:water_bucket":75,"minecraft:cobblestone_stairs":40,"minecraft:birch_planks":85,"minecraft:powered_rail":22,"minecraft:oak_planks":744,"minecraft:composter":3,"minecraft:redstone_block":15,"minecraft:sugar_cane":77,"minecraft:diamond_axe":1836,"minecraft:fletching_table":5,"minecraft:cobblestone_slab":2291,"securitycraft:reinforced_glass_pane":2,"minecraft:golden_apple":1,"minecraft:rail":15,"minecraft:oak_slab":265,"minecraft:crafting_table":16,"securitycraft:reinforced_blue_stained_glass":1,"securitycraft:universal_block_remover":2,"minecraft:white_bed":22,"minecraft:lever":3,"minecraft:diamond_pickaxe":669,"minecraft:diamond_shovel":1410,"minecraft:bread":99,"minecraft:lectern":317,"minecraft:diamond_sword":123,"minecraft:cobblestone":786,"minecraft:white_banner":1,"minecraft:grindstone":1,"minecraft:cooked_porkchop":2,"minecraft:smithing_table":2,"minecraft:bucket":75,"minecraft:glass_pane":77,"minecraft:yellow_bed":15,"minecraft:oak_boat":13,"securitycraft:briefcase":1,"minecraft:bone_meal":84},"minecraft:killed":{"minecraft:witch":3,"majruszs_difficulty:pillager_wolf":8,"minecraft:vindicator":7,"majruszs_difficulty:elite_skeleton":1,"minecraft:horse":6,"minecraft:skeleton":1,"minecraft:zombie_villager":1,"minecraft:ravager":1,"minecraft:sheep":3,"minecraft:trader_llama":2,"minecraft:pillager":20,"minecraft:zombie":2,"minecraft:donkey":2,"minecraft:villager":1,"minecraft:cow":8},"minecraft:custom":{"minecraft:interact_with_smithing_table":5,"minecraft:interact_with_anvil":12,"minecraft:mob_kills":70,"minecraft:interact_with_crafting_table":82,"minecraft:bell_ring":42,"minecraft:leave_game":10,"minecraft:time_since_death":672128,"minecraft:climb_one_cm":8505,"minecraft:sprint_one_cm":1984347,"minecraft:walk_one_cm":2136666,"minecraft:damage_blocked_by_shield":660,"minecraft:drop":39,"minecraft:talked_to_villager":393,"minecraft:sneak_time":41085,"minecraft:walk_under_water_one_cm":7512,"minecraft:boat_one_cm":381398,"minecraft:jump":8223,"minecraft:walk_on_water_one_cm":38237,"minecraft:enchant_item":6,"minecraft:interact_with_furnace":38,"minecraft:traded_with_villager":179,"minecraft:play_one_minute":672128,"minecraft:raid_trigger":1,"minecraft:interact_with_grindstone":4,"minecraft:sleep_in_bed":44,"minecraft:time_since_rest":3260,"minecraft:damage_taken":536,"minecraft:damage_absorbed":6,"minecraft:damage_dealt":4643,"minecraft:minecart_one_cm":7290,"minecraft:swim_one_cm":466,"minecraft:fly_one_cm":2053826,"minecraft:open_chest":620,"minecraft:crouch_one_cm":151836,"minecraft:fall_one_cm":95376},"minecraft:picked_up":{"minecraft:crafting_table":7,"minecraft:wheat":7,"minecraft:azure_bluet":8,"minecraft:ladder":1,"minecraft:smithing_table":1,"minecraft:lead":3,"minecraft:oak_stairs":28,"securitycraft:reinforced_glass_pane":2,"minecraft:cornflower":1,"hammers:stone_hammer":1,"minecraft:beetroot":1,"minecraft:beef":24,"minecraft:oak_boat":13,"minecraft:cobblestone_slab":172,"minecraft:poppy":20,"minecraft:lectern":316,"minecraft:sugar_cane":563,"minecraft:chest":12,"minecraft:furnace":9,"minecraft:egg":2,"minecraft:stick":171,"minecraft:oak_door":4,"minecraft:oak_fence":15,"minecraft:composter":5,"minecraft:torch":94,"minecraft:diorite":59,"minecraft:carrot":5,"minecraft:golden_chestplate":1,"minecraft:arrow":24,"minecraft:rotten_flesh":18,"minecraft:beetroot_seeds":2,"minecraft:saddle":1,"minecraft:mutton":6,"minecraft:white_wool":4,"minecraft:cobblestone":1889,"minecraft:birch_log":14,"minecraft:enchanting_table":1,"minecraft:clock":1,"minecraft:water_bucket":1,"minecraft:andesite":73,"minecraft:leather":27,"minecraft:potato":61,"minecraft:birch_planks":40,"minecraft:oak_log":1079,"minecraft:yellow_bed":13,"minecraft:cobblestone_stairs":20,"minecraft:lapis_lazuli":32,"minecraft:dirt":1374,"minecraft:white_banner":1,"minecraft:bone":24,"minecraft:apple":25,"minecraft:bow":1,"minecraft:stonecutter":1,"minecraft:wheat_seeds":146,"minecraft:bell":3,"minecraft:oak_fence_gate":3,"minecraft:iron_ore":71,"minecraft:stripped_oak_wood":1,"minecraft:fletching_table":5,"minecraft:powered_rail":6,"minecraft:stone_hoe":1,"minecraft:oak_planks":128,"minecraft:oak_slab":108,"minecraft:cooked_porkchop":10,"minecraft:sand":64,"minecraft:dandelion":19,"minecraft:gravel":1,"minecraft:ink_sac":5,"minecraft:white_bed":19,"minecraft:gold_ore":18,"minecraft:spider_eye":2,"minecraft:diamond":17,"minecraft:granite":318,"minecraft:crossbow":4,"minecraft:diamond_axe":1,"minecraft:emerald":1,"minecraft:oak_sapling":304,"minecraft:coal":58,"minecraft:diamond_pickaxe":1},"minecraft:crafted":{"minecraft:grindstone":1,"minecraft:black_dye":2,"minecraft:oak_door":6,"minecraft:oak_planks":4232,"minecraft:cobblestone_slab":2242,"minecraft:cobblestone_stairs":48,"minecraft:stone":16,"minecraft:bone_meal":96,"minecraft:diamond_shovel":1,"minecraft:bookshelf":12,"minecraft:glass_pane":64,"minecraft:bow":2,"minecraft:ladder":12,"minecraft:chest":33,"minecraft:stone_hoe":5,"minecraft:oak_fence":3,"minecraft:red_dye":44,"minecraft:oak_slab":324,"minecraft:diamond_sword":1,"minecraft:emerald":169,"minecraft:diamond_axe":1,"minecraft:crafting_table":9,"minecraft:smithing_table":1,"minecraft:birch_planks":56,"minecraft:enchanted_book":8,"minecraft:air":0,"minecraft:oak_boat":1,"minecraft:lectern":1,"minecraft:diamond_pickaxe":1,"minecraft:book":39,"minecraft:paper":480,"minecraft:golden_apple":5,"minecraft:yellow_dye":19,"minecraft:stick":5892,"minecraft:stone_slab":6,"minecraft:iron_ingot":75,"minecraft:oak_stairs":16,"minecraft:iron_block":3,"minecraft:gold_ingot":27,"minecraft:anvil":1,"minecraft:light_gray_dye":14,"minecraft:white_bed":1,"minecraft:torch":92},"minecraft:broken":{"minecraft:stone_hoe":3,"hammers:stone_hammer":1,"minecraft:diamond_axe":1},"minecraft:mined":{"minecraft:diamond_ore":17,"minecraft:white_bed":18,"minecraft:oak_sapling":5,"minecraft:farmland":2,"minecraft:oak_door":4,"minecraft:cobblestone_stairs":20,"minecraft:ladder":1,"minecraft:granite":11,"minecraft:grass_block":816,"minecraft:composter":5,"minecraft:redstone_ore":90,"minecraft:furnace":9,"minecraft:carrots":2,"minecraft:iron_ore":7,"minecraft:andesite":4,"minecraft:fletching_table":5,"minecraft:azure_bluet":9,"minecraft:enchanting_table":1,"minecraft:bell":2,"minecraft:potatoes":15,"minecraft:cobblestone_slab":86,"minecraft:oak_stairs":12,"minecraft:stone":125,"minecraft:smithing_table":1,"minecraft:oak_slab":72,"minecraft:glass_pane":3,"minecraft:oak_fence":17,"minecraft:dandelion":20,"minecraft:crafting_table":7,"minecraft:cornflower":1,"minecraft:torch":26,"minecraft:poppy":14,"minecraft:chest":12,"minecraft:lectern":316,"minecraft:tall_grass":93,"minecraft:cobblestone":162,"minecraft:lapis_ore":2,"minecraft:sugar_cane":392,"minecraft:oak_planks":97,"minecraft:diorite":2,"minecraft:wall_torch":16,"minecraft:seagrass":1,"minecraft:birch_planks":35,"minecraft:birch_log":14,"minecraft:wheat":7,"minecraft:stripped_oak_wood":1,"minecraft:yellow_bed":13,"minecraft:grass_path":10,"minecraft:grass":1058,"minecraft:oak_log":1063,"minecraft:coal_ore":97,"minecraft:beetroots":1,"minecraft:oak_fence_gate":3,"minecraft:gravel":1,"minecraft:sand":64,"minecraft:dirt":572,"minecraft:stonecutter":1,"minecraft:gold_ore":18,"minecraft:oak_leaves":124}},"DataVersion":2586}