{"stats":{"minecraft:used":{"minecraft:cooked_porkchop":1},"minecraft:picked_up":{"minecraft:cornflower":1,"minecraft:wheat_seeds":3,"minecraft:dirt":1,"minecraft:gravel":1},"minecraft:custom":{"minecraft:jump":325,"minecraft:time_since_rest":17492,"minecraft:damage_dealt":30,"minecraft:crouch_one_cm":1128,"minecraft:play_one_minute":17492,"minecraft:leave_game":5,"minecraft:sprint_one_cm":35420,"minecraft:time_since_death":17492,"minecraft:walk_one_cm":17594,"minecraft:sneak_time":387,"minecraft:drop":1,"minecraft:fall_one_cm":629,"minecraft:fly_one_cm":79865},"minecraft:dropped":{"minecraft:wheat_seeds":1},"minecraft:mined":{"minecraft:grass":46,"minecraft:tall_grass":1,"minecraft:grass_block":1,"minecraft:gravel":1,"minecraft:cornflower":1}},"DataVersion":2586}