{"stats":{"minecraft:crafted":{"minecraft:black_dye":2,"minecraft:grindstone":1,"minecraft:oak_door":6,"minecraft:oak_planks":1968,"minecraft:cobblestone_slab":2116,"minecraft:cobblestone_stairs":40,"minecraft:stone":16,"minecraft:bone_meal":54,"minecraft:bookshelf":12,"minecraft:glass_pane":64,"minecraft:bow":2,"minecraft:ladder":12,"minecraft:chest":33,"minecraft:stone_hoe":5,"minecraft:red_dye":44,"minecraft:oak_slab":318,"minecraft:diamond_sword":1,"minecraft:emerald":62,"minecraft:crafting_table":7,"minecraft:smithing_table":1,"minecraft:enchanted_book":2,"minecraft:air":0,"minecraft:oak_boat":1,"minecraft:lectern":1,"minecraft:diamond_pickaxe":1,"minecraft:book":35,"minecraft:paper":339,"minecraft:golden_apple":2,"minecraft:yellow_dye":19,"minecraft:stick":1992,"minecraft:stone_slab":6,"minecraft:iron_ingot":15,"minecraft:oak_stairs":16,"minecraft:iron_block":3,"minecraft:gold_ingot":9,"minecraft:anvil":1,"minecraft:light_gray_dye":14,"minecraft:torch":92},"minecraft:dropped":{"minecraft:wheat_seeds":2,"minecraft:diamond_axe":1,"minecraft:cooked_porkchop":30,"minecraft:cobblestone":125,"minecraft:granite":300,"minecraft:diorite":31,"minecraft:composter":1,"minecraft:beetroot":1,"minecraft:rotten_flesh":2,"minecraft:oak_planks":3,"minecraft:white_bed":1,"minecraft:andesite":65,"hammers:stone_hammer":3},"minecraft:killed":{"majruszs_difficulty:elite_skeleton":1,"minecraft:horse":6,"minecraft:skeleton":1,"minecraft:sheep":1,"minecraft:trader_llama":2,"minecraft:zombie":1,"minecraft:donkey":2,"minecraft:villager":1,"minecraft:cow":8},"minecraft:broken":{"minecraft:stone_hoe":3,"hammers:stone_hammer":1},"minecraft:used":{"minecraft:polished_blackstone_brick_slab":1,"minecraft:enchanting_table":1,"minecraft:ladder":11,"minecraft:chest":37,"minecraft:shield":11,"minecraft:stone_hoe":523,"minecraft:oak_door":6,"minecraft:torch":120,"minecraft:dirt":689,"minecraft:anvil":1,"hammers:stone_hammer":357,"minecraft:sea_lantern":1,"minecraft:bookshelf":15,"minecraft:grass_block":23,"minecraft:oak_stairs":2,"carryon:entity_item":7,"carryon:tile_item":1,"minecraft:bow":4,"minecraft:oak_sapling":88,"minecraft:furnace":8,"minecraft:minecart":3,"minecraft:egg":1,"minecraft:wheat_seeds":26,"minecraft:water_bucket":35,"minecraft:cobblestone_stairs":33,"minecraft:powered_rail":22,"minecraft:oak_planks":380,"minecraft:redstone_block":15,"minecraft:fletching_table":1,"minecraft:diamond_axe":913,"minecraft:sugar_cane":77,"minecraft:cobblestone_slab":2208,"securitycraft:reinforced_glass_pane":2,"minecraft:rail":15,"minecraft:crafting_table":14,"minecraft:oak_slab":247,"securitycraft:reinforced_blue_stained_glass":1,"securitycraft:universal_block_remover":2,"minecraft:white_bed":4,"minecraft:lever":3,"minecraft:diamond_pickaxe":524,"minecraft:diamond_shovel":1096,"minecraft:bread":52,"minecraft:lectern":169,"minecraft:diamond_sword":84,"minecraft:cobblestone":595,"minecraft:cooked_porkchop":2,"minecraft:grindstone":1,"minecraft:smithing_table":1,"minecraft:bucket":35,"minecraft:glass_pane":20,"minecraft:yellow_bed":7,"minecraft:oak_boat":1,"minecraft:bone_meal":60},"minecraft:picked_up":{"minecraft:crafting_table":7,"minecraft:wheat":7,"minecraft:azure_bluet":8,"minecraft:ladder":1,"minecraft:lead":2,"minecraft:oak_stairs":2,"securitycraft:reinforced_glass_pane":2,"minecraft:cornflower":1,"hammers:stone_hammer":1,"minecraft:beetroot":1,"minecraft:beef":24,"minecraft:oak_boat":1,"minecraft:cobblestone_slab":168,"minecraft:poppy":20,"minecraft:lectern":168,"minecraft:sugar_cane":421,"minecraft:chest":4,"minecraft:egg":1,"minecraft:furnace":9,"minecraft:stick":92,"minecraft:oak_door":2,"minecraft:composter":1,"minecraft:torch":70,"minecraft:diorite":59,"minecraft:carrot":5,"minecraft:golden_chestplate":1,"minecraft:arrow":19,"minecraft:rotten_flesh":15,"minecraft:beetroot_seeds":2,"minecraft:mutton":1,"minecraft:white_wool":1,"minecraft:cobblestone":1803,"minecraft:clock":1,"minecraft:water_bucket":1,"minecraft:andesite":72,"minecraft:leather":27,"minecraft:potato":61,"minecraft:oak_log":514,"minecraft:yellow_bed":7,"minecraft:cobblestone_stairs":19,"minecraft:lapis_lazuli":32,"minecraft:dirt":1052,"minecraft:bone":13,"minecraft:apple":14,"minecraft:stonecutter":1,"minecraft:wheat_seeds":124,"minecraft:bell":1,"minecraft:iron_ore":71,"minecraft:fletching_table":3,"minecraft:powered_rail":6,"minecraft:stone_hoe":1,"minecraft:oak_planks":100,"minecraft:oak_slab":90,"minecraft:cooked_porkchop":10,"minecraft:dandelion":19,"minecraft:gravel":1,"minecraft:ink_sac":2,"minecraft:white_bed":3,"minecraft:gold_ore":18,"minecraft:diamond":17,"minecraft:diamond_axe":1,"minecraft:granite":310,"minecraft:oak_sapling":142,"minecraft:coal":27,"minecraft:diamond_pickaxe":1},"minecraft:mined":{"minecraft:diamond_ore":17,"minecraft:white_bed":2,"minecraft:farmland":2,"minecraft:oak_sapling":3,"minecraft:oak_door":2,"minecraft:cobblestone_stairs":19,"minecraft:ladder":1,"minecraft:granite":3,"minecraft:grass_block":604,"minecraft:composter":1,"minecraft:redstone_ore":90,"minecraft:furnace":9,"minecraft:carrots":2,"minecraft:iron_ore":7,"minecraft:andesite":3,"minecraft:fletching_table":3,"minecraft:azure_bluet":9,"minecraft:bell":1,"minecraft:potatoes":15,"minecraft:cobblestone_slab":82,"minecraft:oak_stairs":2,"minecraft:stone":67,"minecraft:oak_slab":57,"minecraft:dandelion":20,"minecraft:cornflower":1,"minecraft:crafting_table":7,"minecraft:torch":11,"minecraft:poppy":14,"minecraft:chest":4,"minecraft:lectern":168,"minecraft:tall_grass":37,"minecraft:cobblestone":134,"minecraft:lapis_ore":2,"minecraft:oak_planks":69,"minecraft:sugar_cane":319,"minecraft:diorite":2,"minecraft:wall_torch":12,"minecraft:wheat":7,"minecraft:yellow_bed":7,"minecraft:grass":857,"minecraft:coal_ore":66,"minecraft:oak_log":494,"minecraft:beetroots":1,"minecraft:gravel":1,"minecraft:dirt":467,"minecraft:stonecutter":1,"minecraft:gold_ore":18,"minecraft:oak_leaves":57},"minecraft:custom":{"minecraft:interact_with_smithing_table":2,"minecraft:mob_kills":23,"minecraft:interact_with_anvil":4,"minecraft:interact_with_crafting_table":66,"minecraft:bell_ring":6,"minecraft:leave_game":9,"minecraft:time_since_death":412936,"minecraft:climb_one_cm":7229,"minecraft:sprint_one_cm":1161068,"minecraft:walk_one_cm":1490107,"minecraft:damage_blocked_by_shield":540,"minecraft:drop":27,"minecraft:talked_to_villager":198,"minecraft:sneak_time":17534,"minecraft:walk_under_water_one_cm":2553,"minecraft:boat_one_cm":1212,"minecraft:jump":4700,"minecraft:walk_on_water_one_cm":12125,"minecraft:enchant_item":3,"minecraft:interact_with_furnace":20,"minecraft:traded_with_villager":66,"minecraft:play_one_minute":412936,"minecraft:interact_with_grindstone":2,"minecraft:sleep_in_bed":24,"minecraft:time_since_rest":10210,"minecraft:damage_taken":268,"minecraft:damage_dealt":3822,"minecraft:minecart_one_cm":7290,"minecraft:fly_one_cm":1182618,"minecraft:open_chest":417,"minecraft:crouch_one_cm":77262,"minecraft:fall_one_cm":46102}},"DataVersion":2586}