{"stats":{"minecraft:broken":{"minecraft:stone_hoe":1},"minecraft:dropped":{"minecraft:wheat_seeds":2,"minecraft:diamond_axe":1,"minecraft:cooked_porkchop":30,"minecraft:white_bed":1,"hammers:stone_hammer":1},"minecraft:used":{"minecraft:water_bucket":33,"minecraft:polished_blackstone_brick_slab":1,"minecraft:cobblestone_stairs":33,"minecraft:powered_rail":22,"minecraft:oak_planks":251,"minecraft:chest":8,"minecraft:shield":11,"minecraft:redstone_block":15,"minecraft:sugar_cane":34,"minecraft:cobblestone_slab":1793,"minecraft:diamond_axe":170,"minecraft:stone_hoe":200,"securitycraft:reinforced_glass_pane":2,"minecraft:torch":39,"minecraft:dirt":643,"minecraft:rail":15,"minecraft:crafting_table":1,"securitycraft:reinforced_blue_stained_glass":1,"hammers:stone_hammer":54,"securitycraft:universal_block_remover":2,"minecraft:diamond_pickaxe":166,"minecraft:lever":3,"minecraft:sea_lantern":1,"minecraft:diamond_shovel":1044,"minecraft:grass_block":23,"minecraft:bread":15,"carryon:entity_item":2,"minecraft:diamond_sword":9,"minecraft:cobblestone":52,"minecraft:bow":4,"minecraft:oak_sapling":21,"minecraft:cooked_porkchop":2,"minecraft:bucket":32,"minecraft:minecart":3},"minecraft:killed":{"majruszs_difficulty:elite_skeleton":1,"minecraft:skeleton":1,"minecraft:zombie":1},"minecraft:custom":{"minecraft:interact_with_furnace":5,"minecraft:mob_kills":3,"minecraft:interact_with_crafting_table":12,"minecraft:play_one_minute":179412,"minecraft:leave_game":8,"minecraft:time_since_death":179412,"minecraft:sleep_in_bed":7,"minecraft:time_since_rest":11593,"minecraft:sprint_one_cm":464619,"minecraft:damage_taken":68,"minecraft:walk_one_cm":676902,"minecraft:damage_blocked_by_shield":540,"minecraft:drop":8,"minecraft:minecart_one_cm":7290,"minecraft:damage_dealt":540,"minecraft:fly_one_cm":583807,"minecraft:open_chest":58,"minecraft:crouch_one_cm":22730,"minecraft:sneak_time":4780,"minecraft:walk_under_water_one_cm":404,"minecraft:jump":2159,"minecraft:walk_on_water_one_cm":1191,"minecraft:fall_one_cm":5551},"minecraft:picked_up":{"minecraft:azure_bluet":8,"securitycraft:reinforced_glass_pane":2,"minecraft:oak_log":110,"minecraft:cobblestone_stairs":19,"minecraft:cornflower":1,"minecraft:dirt":975,"minecraft:bone":9,"hammers:stone_hammer":1,"minecraft:apple":1,"minecraft:wheat_seeds":88,"minecraft:iron_ore":11,"minecraft:cobblestone_slab":158,"minecraft:poppy":20,"minecraft:powered_rail":6,"minecraft:sugar_cane":58,"minecraft:oak_planks":42,"minecraft:stick":15,"minecraft:cooked_porkchop":10,"minecraft:torch":14,"minecraft:dandelion":18,"minecraft:gravel":1,"minecraft:ink_sac":2,"minecraft:diorite":28,"minecraft:white_bed":1,"minecraft:golden_chestplate":1,"minecraft:arrow":12,"minecraft:rotten_flesh":8,"minecraft:granite":10,"minecraft:diamond_axe":1,"minecraft:oak_sapling":27,"minecraft:coal":27,"minecraft:cobblestone":371},"minecraft:mined":{"minecraft:farmland":2,"minecraft:oak_sapling":2,"minecraft:cobblestone_stairs":19,"minecraft:dandelion":19,"minecraft:cornflower":1,"minecraft:torch":1,"minecraft:grass_block":580,"minecraft:poppy":14,"minecraft:tall_grass":14,"minecraft:cobblestone":10,"minecraft:sugar_cane":45,"minecraft:oak_planks":8,"minecraft:diorite":2,"minecraft:wall_torch":6,"minecraft:iron_ore":7,"minecraft:azure_bluet":9,"minecraft:grass":749,"minecraft:oak_log":89,"minecraft:coal_ore":23,"minecraft:cobblestone_slab":72,"minecraft:gravel":1,"minecraft:dirt":398,"minecraft:stone":31,"minecraft:oak_leaves":24},"minecraft:crafted":{"minecraft:oak_planks":352,"minecraft:cobblestone_slab":1798,"minecraft:crafting_table":1,"minecraft:cobblestone_stairs":40,"minecraft:paper":24,"minecraft:book":8,"minecraft:chest":8,"minecraft:gold_ingot":9,"minecraft:stone_hoe":2}},"DataVersion":2586}