{"stats":{"minecraft:crafted":{"minecraft:black_dye":2,"minecraft:grindstone":1,"minecraft:oak_door":6,"minecraft:oak_planks":1892,"minecraft:cobblestone_slab":2116,"minecraft:cobblestone_stairs":40,"minecraft:stone":16,"minecraft:bone_meal":54,"minecraft:bookshelf":11,"minecraft:glass_pane":64,"minecraft:bow":2,"minecraft:ladder":12,"minecraft:chest":33,"minecraft:stone_hoe":5,"minecraft:red_dye":44,"minecraft:oak_slab":312,"minecraft:diamond_sword":1,"minecraft:emerald":62,"minecraft:crafting_table":5,"minecraft:smithing_table":1,"minecraft:enchanted_book":1,"minecraft:air":0,"minecraft:diamond_pickaxe":1,"minecraft:book":29,"minecraft:paper":198,"minecraft:golden_apple":2,"minecraft:yellow_dye":19,"minecraft:stick":1992,"minecraft:stone_slab":6,"minecraft:iron_ingot":15,"minecraft:oak_stairs":16,"minecraft:iron_block":3,"minecraft:gold_ingot":9,"minecraft:anvil":1,"minecraft:light_gray_dye":14,"minecraft:torch":92},"minecraft:dropped":{"minecraft:wheat_seeds":2,"minecraft:diamond_axe":1,"minecraft:cooked_porkchop":30,"minecraft:cobblestone":125,"minecraft:granite":300,"minecraft:diorite":31,"minecraft:rotten_flesh":2,"minecraft:oak_planks":3,"minecraft:white_bed":1,"minecraft:andesite":65,"hammers:stone_hammer":3},"minecraft:killed":{"majruszs_difficulty:elite_skeleton":1,"minecraft:skeleton":1,"minecraft:trader_llama":2,"minecraft:zombie":1,"minecraft:donkey":2,"minecraft:cow":8},"minecraft:broken":{"minecraft:stone_hoe":3,"hammers:stone_hammer":1},"minecraft:used":{"minecraft:polished_blackstone_brick_slab":1,"minecraft:enchanting_table":1,"minecraft:ladder":11,"minecraft:chest":37,"minecraft:shield":11,"minecraft:stone_hoe":523,"minecraft:oak_door":6,"minecraft:torch":120,"minecraft:dirt":687,"minecraft:anvil":1,"hammers:stone_hammer":357,"minecraft:sea_lantern":1,"minecraft:bookshelf":15,"minecraft:grass_block":23,"minecraft:oak_stairs":2,"carryon:entity_item":7,"carryon:tile_item":1,"minecraft:bow":4,"minecraft:oak_sapling":88,"minecraft:furnace":8,"minecraft:minecart":3,"minecraft:wheat_seeds":26,"minecraft:water_bucket":35,"minecraft:cobblestone_stairs":33,"minecraft:powered_rail":22,"minecraft:oak_planks":380,"minecraft:redstone_block":15,"minecraft:diamond_axe":850,"minecraft:sugar_cane":77,"minecraft:cobblestone_slab":2208,"securitycraft:reinforced_glass_pane":2,"minecraft:rail":15,"minecraft:crafting_table":11,"minecraft:oak_slab":245,"securitycraft:reinforced_blue_stained_glass":1,"securitycraft:universal_block_remover":2,"minecraft:white_bed":4,"minecraft:lever":3,"minecraft:diamond_pickaxe":523,"minecraft:diamond_shovel":1096,"minecraft:bread":45,"minecraft:lectern":129,"minecraft:diamond_sword":55,"minecraft:cobblestone":595,"minecraft:cooked_porkchop":2,"minecraft:grindstone":1,"minecraft:smithing_table":1,"minecraft:bucket":35,"minecraft:glass_pane":20,"minecraft:yellow_bed":6,"minecraft:bone_meal":60},"minecraft:picked_up":{"minecraft:crafting_table":6,"minecraft:wheat":7,"minecraft:azure_bluet":8,"minecraft:ladder":1,"minecraft:lead":2,"minecraft:oak_stairs":2,"securitycraft:reinforced_glass_pane":2,"minecraft:cornflower":1,"hammers:stone_hammer":1,"minecraft:beef":24,"minecraft:cobblestone_slab":168,"minecraft:poppy":20,"minecraft:lectern":130,"minecraft:sugar_cane":280,"minecraft:chest":4,"minecraft:furnace":9,"minecraft:stick":88,"minecraft:oak_door":2,"minecraft:torch":70,"minecraft:diorite":59,"minecraft:carrot":5,"minecraft:golden_chestplate":1,"minecraft:arrow":16,"minecraft:rotten_flesh":15,"minecraft:cobblestone":1803,"minecraft:clock":1,"minecraft:water_bucket":1,"minecraft:andesite":72,"minecraft:leather":17,"minecraft:potato":61,"minecraft:oak_log":495,"minecraft:yellow_bed":5,"minecraft:cobblestone_stairs":19,"minecraft:lapis_lazuli":32,"minecraft:dirt":1050,"minecraft:bone":10,"minecraft:apple":14,"minecraft:stonecutter":1,"minecraft:wheat_seeds":116,"minecraft:iron_ore":71,"minecraft:fletching_table":2,"minecraft:powered_rail":6,"minecraft:stone_hoe":1,"minecraft:oak_planks":100,"minecraft:oak_slab":90,"minecraft:cooked_porkchop":10,"minecraft:dandelion":18,"minecraft:gravel":1,"minecraft:ink_sac":2,"minecraft:white_bed":3,"minecraft:gold_ore":18,"minecraft:diamond":17,"minecraft:diamond_axe":1,"minecraft:granite":310,"minecraft:oak_sapling":142,"minecraft:coal":27,"minecraft:diamond_pickaxe":1},"minecraft:mined":{"minecraft:diamond_ore":17,"minecraft:white_bed":2,"minecraft:farmland":2,"minecraft:oak_sapling":3,"minecraft:oak_door":2,"minecraft:cobblestone_stairs":19,"minecraft:ladder":1,"minecraft:granite":3,"minecraft:grass_block":602,"minecraft:redstone_ore":90,"minecraft:furnace":9,"minecraft:carrots":2,"minecraft:iron_ore":7,"minecraft:andesite":3,"minecraft:fletching_table":2,"minecraft:azure_bluet":9,"minecraft:potatoes":15,"minecraft:cobblestone_slab":82,"minecraft:oak_stairs":2,"minecraft:stone":67,"minecraft:oak_slab":57,"minecraft:dandelion":19,"minecraft:cornflower":1,"minecraft:crafting_table":6,"minecraft:torch":11,"minecraft:poppy":14,"minecraft:chest":4,"minecraft:lectern":130,"minecraft:tall_grass":22,"minecraft:cobblestone":134,"minecraft:lapis_ore":2,"minecraft:oak_planks":69,"minecraft:sugar_cane":248,"minecraft:diorite":2,"minecraft:wall_torch":12,"minecraft:wheat":7,"minecraft:yellow_bed":5,"minecraft:grass":773,"minecraft:coal_ore":66,"minecraft:oak_log":475,"minecraft:gravel":1,"minecraft:dirt":467,"minecraft:stonecutter":1,"minecraft:gold_ore":18,"minecraft:oak_leaves":56},"minecraft:custom":{"minecraft:interact_with_smithing_table":2,"minecraft:mob_kills":15,"minecraft:interact_with_anvil":4,"minecraft:interact_with_crafting_table":63,"minecraft:leave_game":9,"minecraft:time_since_death":388936,"minecraft:climb_one_cm":7229,"minecraft:sprint_one_cm":1051918,"minecraft:walk_one_cm":1399600,"minecraft:damage_blocked_by_shield":540,"minecraft:drop":25,"minecraft:talked_to_villager":161,"minecraft:sneak_time":17322,"minecraft:walk_under_water_one_cm":2400,"minecraft:jump":4166,"minecraft:walk_on_water_one_cm":11023,"minecraft:enchant_item":3,"minecraft:interact_with_furnace":20,"minecraft:traded_with_villager":65,"minecraft:play_one_minute":388936,"minecraft:interact_with_grindstone":2,"minecraft:sleep_in_bed":22,"minecraft:time_since_rest":11980,"minecraft:damage_taken":232,"minecraft:damage_dealt":2282,"minecraft:minecart_one_cm":7290,"minecraft:fly_one_cm":1038508,"minecraft:open_chest":408,"minecraft:crouch_one_cm":76592,"minecraft:fall_one_cm":37303}},"DataVersion":2586}