{"stats":{"minecraft:dropped":{"minecraft:wheat_seeds":1,"minecraft:diamond_axe":1,"minecraft:cooked_porkchop":30,"minecraft:white_bed":1,"hammers:stone_hammer":1},"minecraft:used":{"minecraft:water_bucket":21,"minecraft:polished_blackstone_brick_slab":1,"minecraft:cobblestone_stairs":33,"minecraft:powered_rail":22,"minecraft:oak_planks":251,"minecraft:chest":8,"minecraft:shield":11,"minecraft:redstone_block":15,"minecraft:sugar_cane":16,"minecraft:cobblestone_slab":1696,"minecraft:diamond_axe":102,"securitycraft:reinforced_glass_pane":2,"minecraft:torch":35,"minecraft:dirt":284,"minecraft:rail":15,"securitycraft:reinforced_blue_stained_glass":1,"hammers:stone_hammer":51,"securitycraft:universal_block_remover":2,"minecraft:diamond_pickaxe":145,"minecraft:lever":3,"minecraft:sea_lantern":1,"minecraft:diamond_shovel":631,"minecraft:grass_block":23,"minecraft:bread":13,"carryon:entity_item":2,"minecraft:diamond_sword":9,"minecraft:cobblestone":51,"minecraft:bow":4,"minecraft:oak_sapling":2,"minecraft:cooked_porkchop":2,"minecraft:bucket":21,"minecraft:minecart":3},"minecraft:killed":{"majruszs_difficulty:elite_skeleton":1,"minecraft:skeleton":1,"minecraft:zombie":1},"minecraft:custom":{"minecraft:interact_with_furnace":5,"minecraft:mob_kills":3,"minecraft:interact_with_crafting_table":9,"minecraft:play_one_minute":155412,"minecraft:leave_game":8,"minecraft:time_since_death":155412,"minecraft:sleep_in_bed":6,"minecraft:time_since_rest":255,"minecraft:sprint_one_cm":393091,"minecraft:damage_taken":68,"minecraft:walk_one_cm":525110,"minecraft:damage_blocked_by_shield":540,"minecraft:drop":7,"minecraft:minecart_one_cm":7290,"minecraft:damage_dealt":540,"minecraft:fly_one_cm":522838,"minecraft:open_chest":58,"minecraft:crouch_one_cm":16223,"minecraft:sneak_time":3619,"minecraft:walk_under_water_one_cm":156,"minecraft:jump":1926,"minecraft:walk_on_water_one_cm":565,"minecraft:fall_one_cm":5342},"minecraft:picked_up":{"minecraft:azure_bluet":8,"securitycraft:reinforced_glass_pane":2,"minecraft:oak_log":94,"minecraft:cobblestone_stairs":19,"minecraft:cornflower":1,"minecraft:dirt":554,"minecraft:bone":6,"hammers:stone_hammer":1,"minecraft:apple":1,"minecraft:wheat_seeds":75,"minecraft:iron_ore":11,"minecraft:cobblestone_slab":146,"minecraft:poppy":20,"minecraft:powered_rail":6,"minecraft:sugar_cane":50,"minecraft:oak_planks":42,"minecraft:stick":14,"minecraft:cooked_porkchop":10,"minecraft:torch":14,"minecraft:dandelion":18,"minecraft:gravel":1,"minecraft:ink_sac":2,"minecraft:diorite":28,"minecraft:white_bed":1,"minecraft:golden_chestplate":1,"minecraft:arrow":10,"minecraft:rotten_flesh":8,"minecraft:granite":10,"minecraft:diamond_axe":1,"minecraft:oak_sapling":21,"minecraft:coal":27,"minecraft:cobblestone":349},"minecraft:mined":{"minecraft:oak_sapling":2,"minecraft:cobblestone_stairs":19,"minecraft:dandelion":19,"minecraft:cornflower":1,"minecraft:torch":1,"minecraft:grass_block":289,"minecraft:poppy":14,"minecraft:tall_grass":14,"minecraft:cobblestone":9,"minecraft:sugar_cane":42,"minecraft:oak_planks":8,"minecraft:diorite":2,"minecraft:wall_torch":6,"minecraft:iron_ore":7,"minecraft:azure_bluet":9,"minecraft:grass":676,"minecraft:oak_log":72,"minecraft:coal_ore":23,"minecraft:cobblestone_slab":61,"minecraft:gravel":1,"minecraft:dirt":267,"minecraft:stone":22,"minecraft:oak_leaves":23},"minecraft:crafted":{"minecraft:oak_planks":288,"minecraft:cobblestone_slab":1798,"minecraft:cobblestone_stairs":40,"minecraft:paper":24,"minecraft:book":8,"minecraft:chest":8,"minecraft:gold_ingot":9}},"DataVersion":2586}