{"stats":{"minecraft:broken":{"minecraft:stone_hoe":3},"minecraft:dropped":{"minecraft:wheat_seeds":2,"minecraft:diamond_axe":1,"minecraft:cooked_porkchop":30,"minecraft:white_bed":1,"hammers:stone_hammer":1},"minecraft:used":{"minecraft:wheat_seeds":16,"minecraft:water_bucket":35,"minecraft:polished_blackstone_brick_slab":1,"minecraft:cobblestone_stairs":33,"minecraft:powered_rail":22,"minecraft:oak_planks":251,"minecraft:chest":11,"minecraft:shield":11,"minecraft:redstone_block":15,"minecraft:sugar_cane":66,"minecraft:cobblestone_slab":1895,"minecraft:diamond_axe":227,"minecraft:stone_hoe":523,"securitycraft:reinforced_glass_pane":2,"minecraft:torch":39,"minecraft:dirt":661,"minecraft:rail":15,"minecraft:crafting_table":1,"securitycraft:reinforced_blue_stained_glass":1,"hammers:stone_hammer":54,"securitycraft:universal_block_remover":2,"minecraft:diamond_pickaxe":179,"minecraft:lever":3,"minecraft:sea_lantern":1,"minecraft:diamond_shovel":1080,"minecraft:grass_block":23,"minecraft:bread":17,"carryon:entity_item":2,"minecraft:diamond_sword":9,"minecraft:cobblestone":53,"minecraft:bow":4,"minecraft:oak_sapling":35,"minecraft:cooked_porkchop":2,"minecraft:bucket":35,"minecraft:minecart":3},"minecraft:killed":{"majruszs_difficulty:elite_skeleton":1,"minecraft:skeleton":1,"minecraft:zombie":1},"minecraft:custom":{"minecraft:interact_with_furnace":5,"minecraft:mob_kills":3,"minecraft:interact_with_crafting_table":14,"minecraft:play_one_minute":191412,"minecraft:leave_game":8,"minecraft:time_since_death":191412,"minecraft:sleep_in_bed":8,"minecraft:time_since_rest":10935,"minecraft:sprint_one_cm":524995,"minecraft:damage_taken":68,"minecraft:walk_one_cm":755620,"minecraft:damage_blocked_by_shield":540,"minecraft:drop":8,"minecraft:minecart_one_cm":7290,"minecraft:damage_dealt":540,"minecraft:fly_one_cm":596655,"minecraft:open_chest":59,"minecraft:crouch_one_cm":23940,"minecraft:sneak_time":5093,"minecraft:walk_under_water_one_cm":404,"minecraft:jump":2218,"minecraft:walk_on_water_one_cm":1211,"minecraft:fall_one_cm":5969},"minecraft:picked_up":{"minecraft:azure_bluet":8,"securitycraft:reinforced_glass_pane":2,"minecraft:oak_log":158,"minecraft:cobblestone_stairs":19,"minecraft:cornflower":1,"minecraft:dirt":1018,"minecraft:bone":9,"hammers:stone_hammer":1,"minecraft:apple":4,"minecraft:wheat_seeds":92,"minecraft:iron_ore":11,"minecraft:cobblestone_slab":159,"minecraft:poppy":20,"minecraft:powered_rail":6,"minecraft:sugar_cane":90,"minecraft:chest":1,"minecraft:stone_hoe":1,"minecraft:oak_planks":42,"minecraft:stick":27,"minecraft:cooked_porkchop":10,"minecraft:torch":14,"minecraft:dandelion":18,"minecraft:gravel":1,"minecraft:ink_sac":2,"minecraft:diorite":28,"minecraft:white_bed":1,"minecraft:golden_chestplate":1,"minecraft:arrow":12,"minecraft:rotten_flesh":11,"minecraft:granite":10,"minecraft:diamond_axe":1,"minecraft:oak_sapling":41,"minecraft:coal":27,"minecraft:cobblestone":383},"minecraft:mined":{"minecraft:farmland":2,"minecraft:oak_sapling":2,"minecraft:cobblestone_stairs":19,"minecraft:dandelion":19,"minecraft:cornflower":1,"minecraft:torch":1,"minecraft:grass_block":597,"minecraft:poppy":14,"minecraft:chest":1,"minecraft:tall_grass":14,"minecraft:cobblestone":10,"minecraft:sugar_cane":76,"minecraft:oak_planks":8,"minecraft:diorite":2,"minecraft:wall_torch":6,"minecraft:iron_ore":7,"minecraft:azure_bluet":9,"minecraft:grass":757,"minecraft:oak_log":137,"minecraft:coal_ore":23,"minecraft:cobblestone_slab":73,"minecraft:gravel":1,"minecraft:dirt":420,"minecraft:stone":43,"minecraft:oak_leaves":32},"minecraft:crafted":{"minecraft:oak_planks":352,"minecraft:cobblestone_slab":1798,"minecraft:crafting_table":1,"minecraft:cobblestone_stairs":40,"minecraft:paper":24,"minecraft:book":8,"minecraft:chest":10,"minecraft:gold_ingot":9,"minecraft:stone_hoe":5}},"DataVersion":2586}