{"stats":{"minecraft:dropped":{"minecraft:wheat_seeds":1,"minecraft:cooked_porkchop":30},"minecraft:used":{"minecraft:diamond_pickaxe":1,"minecraft:lever":3,"minecraft:sea_lantern":1,"minecraft:polished_blackstone_brick_slab":1,"minecraft:grass_block":23,"minecraft:powered_rail":22,"minecraft:oak_planks":15,"carryon:entity_item":2,"minecraft:redstone_block":15,"minecraft:torch":1,"minecraft:cobblestone":4,"minecraft:rail":15,"securitycraft:reinforced_blue_stained_glass":1,"hammers:stone_hammer":9,"minecraft:cooked_porkchop":2,"minecraft:minecart":3},"minecraft:custom":{"minecraft:time_since_rest":71975,"minecraft:sprint_one_cm":109332,"minecraft:damage_taken":30,"minecraft:walk_one_cm":94132,"minecraft:drop":4,"minecraft:minecart_one_cm":7290,"minecraft:damage_dealt":100,"minecraft:fly_one_cm":322441,"minecraft:open_chest":3,"minecraft:crouch_one_cm":3294,"minecraft:play_one_minute":71975,"minecraft:sneak_time":1149,"minecraft:walk_under_water_one_cm":156,"minecraft:jump":1123,"minecraft:leave_game":7,"minecraft:walk_on_water_one_cm":172,"minecraft:time_since_death":71975,"minecraft:fall_one_cm":1613},"minecraft:picked_up":{"minecraft:cooked_porkchop":10,"minecraft:torch":1,"minecraft:gravel":1,"minecraft:cornflower":1,"minecraft:dirt":1,"minecraft:wheat_seeds":3,"minecraft:iron_ore":2,"minecraft:poppy":1,"minecraft:powered_rail":6,"minecraft:cobblestone":51},"minecraft:mined":{"minecraft:cornflower":1,"minecraft:grass":46,"minecraft:grass_block":1,"minecraft:gravel":1,"minecraft:tall_grass":1,"minecraft:stone":1},"minecraft:crafted":{"minecraft:gold_ingot":9}},"DataVersion":2586}