{"stats":{"minecraft:dropped":{"minecraft:wheat_seeds":1,"minecraft:cooked_porkchop":30},"minecraft:used":{"minecraft:diamond_pickaxe":54,"minecraft:lever":3,"minecraft:sea_lantern":1,"minecraft:polished_blackstone_brick_slab":1,"minecraft:cobblestone_stairs":16,"minecraft:diamond_shovel":144,"minecraft:bread":1,"minecraft:grass_block":23,"minecraft:powered_rail":22,"minecraft:oak_planks":19,"carryon:entity_item":2,"minecraft:redstone_block":15,"minecraft:torch":8,"minecraft:cobblestone":45,"minecraft:rail":15,"securitycraft:reinforced_blue_stained_glass":1,"hammers:stone_hammer":26,"minecraft:cooked_porkchop":2,"minecraft:minecart":3},"minecraft:custom":{"minecraft:time_since_rest":9356,"minecraft:interact_with_furnace":3,"minecraft:sprint_one_cm":146418,"minecraft:damage_taken":30,"minecraft:walk_one_cm":154270,"minecraft:drop":4,"minecraft:minecart_one_cm":7290,"minecraft:damage_dealt":100,"minecraft:interact_with_crafting_table":1,"minecraft:fly_one_cm":339370,"minecraft:open_chest":13,"minecraft:crouch_one_cm":3570,"minecraft:play_one_minute":83975,"minecraft:sneak_time":1277,"minecraft:walk_under_water_one_cm":156,"minecraft:jump":1228,"minecraft:leave_game":7,"minecraft:walk_on_water_one_cm":172,"minecraft:time_since_death":83975,"minecraft:sleep_in_bed":1,"minecraft:fall_one_cm":2300},"minecraft:picked_up":{"minecraft:cooked_porkchop":10,"minecraft:torch":7,"minecraft:gravel":1,"minecraft:diorite":15,"minecraft:cobblestone_stairs":3,"minecraft:cornflower":1,"minecraft:dirt":146,"minecraft:wheat_seeds":3,"minecraft:granite":5,"minecraft:iron_ore":10,"minecraft:poppy":1,"minecraft:powered_rail":6,"minecraft:coal":23,"minecraft:cobblestone":199},"minecraft:mined":{"minecraft:iron_ore":7,"minecraft:cobblestone_stairs":3,"minecraft:cornflower":1,"minecraft:grass":46,"minecraft:grass_block":1,"minecraft:coal_ore":23,"minecraft:gravel":1,"minecraft:dirt":145,"minecraft:tall_grass":1,"minecraft:cobblestone":4,"minecraft:stone":16,"minecraft:wall_torch":4},"minecraft:crafted":{"minecraft:gold_ingot":9,"minecraft:cobblestone_stairs":40}},"DataVersion":2586}