{"stats":{"minecraft:used":{"minecraft:shroomlight":36,"minecraft:oak_trapdoor":50,"minecraft:oak_fence":41,"minecraft:glass":20,"minecraft:stone_brick_slab":620,"minecraft:lever":7,"minecraft:mossy_stone_bricks":53,"minecraft:polished_blackstone_brick_slab":79,"minecraft:sea_lantern":462,"securitycraft:reinforced_orange_stained_glass":28,"minecraft:diamond_shovel":24,"minecraft:orange_concrete":53,"minecraft:command_block":43,"securitycraft:reinforced_cobblestone":32,"minecraft:grass_block":582,"minecraft:red_concrete":40,"minecraft:quartz_block":7,"minecraft:stone_button":7,"minecraft:oak_sign":9,"minecraft:magenta_concrete":39,"minecraft:stone_slab":31,"minecraft:stone":36,"minecraft:smooth_quartz":5,"minecraft:cobblestone_slab":27,"minecraft:stone_bricks":2,"minecraft:torch":13,"minecraft:bedrock":645,"securitycraft:reinforced_pink_stained_glass":32,"minecraft:basalt":1,"minecraft:pink_concrete":2,"minecraft:chiseled_stone_bricks":2,"minecraft:anvil":3,"minecraft:purple_concrete":44,"minecraft:lime_concrete":58,"minecraft:potion":5,"minecraft:light_blue_concrete":42,"securitycraft:reinforced_lime_stained_glass":25,"securitycraft:reinforced_blue_stained_glass":28,"minecraft:oak_sapling":4,"securitycraft:reinforced_magenta_stained_glass":27,"minecraft:twisting_vines":1,"securitycraft:reinforced_red_stained_glass":27,"minecraft:yellow_concrete":60,"minecraft:campfire":8,"securitycraft:reinforced_yellow_stained_glass":27,"minecraft:white_concrete":348,"securitycraft:reinforced_oak_slab":72,"securitycraft:reinforced_light_blue_stained_glass":28,"minecraft:blue_concrete":55,"minecraft:bone_meal":21,"securitycraft:reinforced_oak_log":14,"minecraft:milk_bucket":1,"minecraft:dark_oak_sapling":16},"minecraft:picked_up":{"securitycraft:reinforced_oak_slab":1,"securitycraft:reinforced_cobblestone":1,"minecraft:stone_button":1,"minecraft:bone":1,"minecraft:rotten_flesh":2,"minecraft:oak_sign":1,"minecraft:wheat_seeds":1,"securitycraft:reinforced_oak_log":1},"minecraft:custom":{"minecraft:time_since_rest":87761,"minecraft:sprint_one_cm":112005,"minecraft:damage_taken":210,"minecraft:walk_one_cm":390571,"minecraft:damage_dealt":356,"minecraft:fly_one_cm":531666,"minecraft:play_one_minute":199905,"minecraft:crouch_one_cm":19189,"minecraft:deaths":1,"minecraft:sneak_time":6276,"minecraft:walk_under_water_one_cm":236,"minecraft:aviate_one_cm":2052830,"minecraft:jump":886,"minecraft:leave_game":6,"minecraft:time_since_death":87754,"minecraft:walk_on_water_one_cm":492,"minecraft:fall_one_cm":2344}},"DataVersion":2586}