{"stats":{"minecraft:used":{"minecraft:stone_brick_slab":619,"minecraft:mossy_stone_bricks":48,"minecraft:lever":7,"minecraft:sea_lantern":192,"minecraft:orange_concrete":2,"minecraft:command_block":43,"minecraft:grass_block":575,"minecraft:red_concrete":40,"minecraft:quartz_block":7,"minecraft:stone_button":7,"minecraft:oak_sign":9,"minecraft:magenta_concrete":2,"minecraft:stone_slab":31,"minecraft:stone":36,"minecraft:smooth_quartz":5,"minecraft:cobblestone_slab":27,"minecraft:stone_bricks":2,"minecraft:bedrock":645,"minecraft:chiseled_stone_bricks":1,"minecraft:pink_concrete":2,"minecraft:anvil":3,"minecraft:purple_concrete":1,"minecraft:lime_concrete":57,"minecraft:potion":5,"minecraft:light_blue_concrete":2,"minecraft:yellow_concrete":19,"minecraft:white_concrete":348,"minecraft:blue_concrete":55,"minecraft:milk_bucket":1},"minecraft:picked_up":{"minecraft:stone_button":1,"minecraft:bone":1,"minecraft:rotten_flesh":2,"minecraft:oak_sign":1},"minecraft:custom":{"minecraft:time_since_rest":45089,"minecraft:sprint_one_cm":81695,"minecraft:damage_taken":210,"minecraft:walk_one_cm":316232,"minecraft:damage_dealt":266,"minecraft:fly_one_cm":354397,"minecraft:play_one_minute":157233,"minecraft:crouch_one_cm":17294,"minecraft:deaths":1,"minecraft:sneak_time":4762,"minecraft:walk_under_water_one_cm":236,"minecraft:aviate_one_cm":2052830,"minecraft:jump":644,"minecraft:leave_game":5,"minecraft:time_since_death":45082,"minecraft:walk_on_water_one_cm":492,"minecraft:fall_one_cm":2344}},"DataVersion":2586}