{"stats":{"minecraft:picked_up":{"securitycraft:reinforced_oak_slab":1,"minecraft:andesite":95,"minecraft:flint":2,"minecraft:cornflower":1,"minecraft:dirt":16,"minecraft:bone":1,"minecraft:oak_sign":1,"minecraft:wheat_seeds":6,"minecraft:iron_ore":24,"securitycraft:reinforced_oak_log":1,"securitycraft:reinforced_cobblestone":1,"minecraft:gravel":14,"minecraft:stone_button":1,"minecraft:diorite":385,"minecraft:prismarine_crystals":3,"minecraft:rotten_flesh":2,"minecraft:granite":214,"minecraft:coal":55,"hammers:enhanced_diamond_hammer":1,"minecraft:cobblestone":2528},"minecraft:dropped":{"minecraft:wheat_seeds":1,"hammers:enhanced_diamond_hammer":1},"minecraft:mined":{"minecraft:sea_lantern":3,"minecraft:grass_block":14,"minecraft:tall_grass":7,"minecraft:grass":4,"minecraft:gravel":71,"minecraft:dirt":98},"minecraft:custom":{"minecraft:mob_kills":1,"minecraft:interact_with_anvil":3,"minecraft:play_one_minute":410270,"minecraft:leave_game":15,"minecraft:time_since_death":125363,"minecraft:time_since_rest":125370,"minecraft:sprint_one_cm":355781,"minecraft:damage_taken":640,"minecraft:walk_one_cm":1000656,"minecraft:drop":2,"minecraft:minecart_one_cm":48699,"minecraft:damage_dealt":946,"minecraft:fly_one_cm":1189373,"minecraft:crouch_one_cm":33323,"minecraft:deaths":2,"minecraft:sneak_time":12425,"minecraft:walk_under_water_one_cm":236,"minecraft:aviate_one_cm":2052830,"minecraft:jump":2194,"minecraft:walk_on_water_one_cm":921,"minecraft:fall_one_cm":9117},"minecraft:used":{"minecraft:oak_fence":41,"minecraft:oak_trapdoor":50,"minecraft:mossy_stone_bricks":53,"minecraft:polished_blackstone_brick_slab":155,"armadurasdedsafio:espada_belica":3,"securitycraft:reinforced_orange_stained_glass":28,"minecraft:orange_concrete":53,"securitycraft:reinforced_cobblestone":32,"minecraft:red_concrete":40,"minecraft:redstone":15,"minecraft:powered_rail":7,"minecraft:oak_sign":9,"hammers:enhanced_diamond_hammer":1093,"minecraft:stone":576,"securitycraft:scanner_door_item":2,"minecraft:quartz_stairs":9,"minecraft:cobblestone_slab":27,"customnpcs:npcwand":1,"minecraft:smooth_quartz_stairs":37,"minecraft:pink_concrete":2,"minecraft:torch":13,"minecraft:dirt":10,"minecraft:anvil":3,"minecraft:rail":15,"minecraft:light_blue_concrete":43,"securitycraft:reinforced_blue_stained_glass":28,"securitycraft:reinforced_magenta_stained_glass":27,"minecraft:twisting_vines":1,"securitycraft:reinforced_red_stained_glass":27,"minecraft:yellow_concrete":61,"minecraft:campfire":8,"minecraft:infested_stone_bricks":146,"minecraft:blue_concrete":55,"securitycraft:reinforced_oak_slab":72,"securitycraft:reinforced_light_blue_stained_glass":28,"minecraft:milk_bucket":1,"minecraft:shroomlight":36,"minecraft:glass":20,"minecraft:stone_brick_slab":682,"minecraft:lever":12,"minecraft:sea_lantern":713,"minecraft:netherite_shovel":154,"minecraft:diamond_shovel":152,"minecraft:command_block":48,"minecraft:grass_block":683,"minecraft:stone_button":10,"minecraft:quartz_block":7,"minecraft:magenta_concrete":39,"minecraft:stone_slab":31,"customnpcs:npcbuilderblock":10,"minecraft:smooth_quartz":1276,"minecraft:stone_brick_stairs":50,"minecraft:stone_bricks":12,"minecraft:bedrock":645,"securitycraft:reinforced_pink_stained_glass":32,"minecraft:chiseled_stone_bricks":2,"minecraft:basalt":1,"minecraft:purple_concrete":44,"minecraft:lime_concrete":58,"torchmaster:feral_flare_lantern":24,"minecraft:cobblestone":128,"minecraft:potion":15,"securitycraft:reinforced_lime_stained_glass":25,"minecraft:oak_sapling":4,"minecraft:andesite":2,"minecraft:minecart":3,"securitycraft:reinforced_yellow_stained_glass":27,"minecraft:white_concrete":348,"minecraft:enchanted_golden_apple":1,"minecraft:bone_meal":93,"securitycraft:reinforced_oak_log":14,"minecraft:dark_oak_sapling":74},"minecraft:killed":{"minecraft:enderman":1}},"DataVersion":2586}