{"stats":{"minecraft:used":{"minecraft:bedrock":645,"minecraft:pink_concrete":2,"minecraft:lever":7,"minecraft:sea_lantern":192,"minecraft:purple_concrete":1,"minecraft:lime_concrete":2,"minecraft:anvil":3,"minecraft:potion":4,"minecraft:light_blue_concrete":2,"minecraft:orange_concrete":2,"minecraft:command_block":43,"minecraft:grass_block":536,"minecraft:red_concrete":2,"minecraft:yellow_concrete":2,"minecraft:oak_sign":9,"minecraft:stone_button":7,"minecraft:quartz_block":7,"minecraft:magenta_concrete":2,"minecraft:white_concrete":348,"minecraft:stone":36,"minecraft:smooth_quartz":5,"minecraft:blue_concrete":2},"minecraft:custom":{"minecraft:time_since_rest":86715,"minecraft:crouch_one_cm":15799,"minecraft:play_one_minute":86715,"minecraft:sprint_one_cm":36690,"minecraft:walk_one_cm":137149,"minecraft:sneak_time":3453,"minecraft:walk_under_water_one_cm":236,"minecraft:aviate_one_cm":2052830,"minecraft:jump":236,"minecraft:damage_dealt":10,"minecraft:leave_game":3,"minecraft:walk_on_water_one_cm":492,"minecraft:time_since_death":86715,"minecraft:fly_one_cm":120096},"minecraft:picked_up":{"minecraft:oak_sign":1,"minecraft:stone_button":1}},"DataVersion":2586}