{"stats":{"minecraft:custom":{"minecraft:jump":121,"minecraft:time_since_rest":40826,"minecraft:damage_dealt":10,"minecraft:crouch_one_cm":14902,"minecraft:play_one_minute":40826,"minecraft:sprint_one_cm":20701,"minecraft:walk_on_water_one_cm":492,"minecraft:time_since_death":40826,"minecraft:walk_one_cm":82920,"minecraft:sneak_time":3063,"minecraft:walk_under_water_one_cm":236,"minecraft:fly_one_cm":106763,"minecraft:aviate_one_cm":2052830},"minecraft:used":{"minecraft:bedrock":644,"minecraft:quartz_block":7,"minecraft:white_concrete":154,"minecraft:sea_lantern":55,"minecraft:stone":36,"minecraft:smooth_quartz":5,"minecraft:potion":4,"minecraft:grass_block":536}},"DataVersion":2586}