{"stats":{"minecraft:custom":{"minecraft:jump":105,"minecraft:time_since_rest":28826,"minecraft:damage_dealt":10,"minecraft:crouch_one_cm":11288,"minecraft:play_one_minute":28826,"minecraft:sprint_one_cm":13899,"minecraft:walk_on_water_one_cm":492,"minecraft:time_since_death":28826,"minecraft:walk_one_cm":40333,"minecraft:sneak_time":2240,"minecraft:walk_under_water_one_cm":236,"minecraft:fly_one_cm":93545,"minecraft:aviate_one_cm":2052830},"minecraft:used":{"minecraft:bedrock":11,"minecraft:quartz_block":7,"minecraft:white_concrete":3,"minecraft:sea_lantern":20,"minecraft:stone":8,"minecraft:smooth_quartz":5,"minecraft:potion":2,"minecraft:grass_block":536}},"DataVersion":2586}