{"stats":{"minecraft:custom":{"minecraft:time_since_rest":152674,"minecraft:sprint_one_cm":180502,"minecraft:damage_taken":210,"minecraft:walk_one_cm":491767,"minecraft:interact_with_anvil":3,"minecraft:damage_dealt":356,"minecraft:fly_one_cm":832023,"minecraft:play_one_minute":264818,"minecraft:crouch_one_cm":21189,"minecraft:deaths":1,"minecraft:sneak_time":8256,"minecraft:walk_under_water_one_cm":236,"minecraft:aviate_one_cm":2052830,"minecraft:jump":1188,"minecraft:leave_game":6,"minecraft:time_since_death":152667,"minecraft:walk_on_water_one_cm":492,"minecraft:fall_one_cm":2344},"minecraft:picked_up":{"securitycraft:reinforced_oak_slab":1,"securitycraft:reinforced_cobblestone":1,"minecraft:stone_button":1,"minecraft:bone":1,"minecraft:rotten_flesh":2,"minecraft:oak_sign":1,"minecraft:wheat_seeds":2,"securitycraft:reinforced_oak_log":1},"minecraft:used":{"minecraft:shroomlight":36,"minecraft:polished_blackstone_brick_slab":155,"minecraft:oak_fence":41,"minecraft:oak_trapdoor":50,"minecraft:glass":20,"minecraft:stone_brick_slab":620,"minecraft:lever":7,"minecraft:mossy_stone_bricks":53,"minecraft:sea_lantern":462,"securitycraft:reinforced_orange_stained_glass":28,"minecraft:diamond_shovel":152,"minecraft:orange_concrete":53,"minecraft:command_block":48,"securitycraft:reinforced_cobblestone":32,"minecraft:grass_block":677,"minecraft:red_concrete":40,"minecraft:oak_sign":9,"minecraft:stone_button":9,"minecraft:quartz_block":7,"minecraft:magenta_concrete":39,"minecraft:stone_slab":31,"minecraft:stone":36,"customnpcs:npcbuilderblock":10,"minecraft:smooth_quartz":5,"minecraft:cobblestone_slab":27,"minecraft:stone_bricks":2,"torchmaster:feral_flare_lantern":24,"minecraft:pink_concrete":2,"minecraft:bedrock":645,"securitycraft:reinforced_pink_stained_glass":32,"minecraft:chiseled_stone_bricks":2,"minecraft:basalt":1,"minecraft:torch":13,"minecraft:purple_concrete":44,"minecraft:anvil":3,"minecraft:lime_concrete":58,"minecraft:potion":5,"securitycraft:reinforced_lime_stained_glass":25,"minecraft:light_blue_concrete":43,"securitycraft:reinforced_blue_stained_glass":28,"minecraft:oak_sapling":4,"securitycraft:reinforced_magenta_stained_glass":27,"minecraft:twisting_vines":1,"securitycraft:reinforced_red_stained_glass":27,"minecraft:yellow_concrete":61,"securitycraft:reinforced_yellow_stained_glass":27,"minecraft:campfire":8,"minecraft:white_concrete":348,"minecraft:blue_concrete":55,"securitycraft:reinforced_oak_slab":72,"securitycraft:reinforced_light_blue_stained_glass":28,"minecraft:bone_meal":93,"securitycraft:reinforced_oak_log":14,"minecraft:milk_bucket":1,"minecraft:dark_oak_sapling":74}},"DataVersion":2586}