{"stats":{"minecraft:picked_up":{"minecraft:oak_sign":1},"minecraft:custom":{"minecraft:time_since_rest":50927,"minecraft:play_one_minute":50927,"minecraft:crouch_one_cm":15733,"minecraft:sprint_one_cm":24729,"minecraft:walk_one_cm":99008,"minecraft:sneak_time":3318,"minecraft:walk_under_water_one_cm":236,"minecraft:aviate_one_cm":2052830,"minecraft:jump":147,"minecraft:damage_dealt":10,"minecraft:leave_game":1,"minecraft:time_since_death":50927,"minecraft:walk_on_water_one_cm":492,"minecraft:fly_one_cm":114631},"minecraft:used":{"minecraft:bedrock":645,"minecraft:pink_concrete":2,"minecraft:sea_lantern":191,"minecraft:lime_concrete":2,"minecraft:potion":4,"minecraft:orange_concrete":2,"minecraft:light_blue_concrete":2,"minecraft:command_block":20,"minecraft:red_concrete":2,"minecraft:grass_block":536,"minecraft:stone_button":1,"minecraft:oak_sign":2,"minecraft:quartz_block":7,"minecraft:yellow_concrete":2,"minecraft:magenta_concrete":2,"minecraft:stone":36,"minecraft:white_concrete":347,"minecraft:smooth_quartz":5,"minecraft:blue_concrete":2}},"DataVersion":2586}