{"stats":{"minecraft:mined":{"minecraft:grass_block":11,"minecraft:tall_grass":6,"minecraft:grass":4},"minecraft:dropped":{"minecraft:wheat_seeds":1},"minecraft:picked_up":{"securitycraft:reinforced_oak_slab":1,"minecraft:andesite":28,"minecraft:dirt":11,"minecraft:bone":1,"minecraft:oak_sign":1,"minecraft:wheat_seeds":6,"minecraft:iron_ore":7,"securitycraft:reinforced_oak_log":1,"securitycraft:reinforced_cobblestone":1,"minecraft:stone_button":1,"minecraft:diorite":137,"minecraft:rotten_flesh":2,"minecraft:granite":62,"minecraft:coal":10,"minecraft:cobblestone":639},"minecraft:custom":{"minecraft:interact_with_anvil":3,"minecraft:play_one_minute":314542,"minecraft:leave_game":12,"minecraft:time_since_death":29635,"minecraft:time_since_rest":29642,"minecraft:sprint_one_cm":246412,"minecraft:damage_taken":630,"minecraft:walk_one_cm":581049,"minecraft:drop":1,"minecraft:damage_dealt":416,"minecraft:minecart_one_cm":48699,"minecraft:fly_one_cm":1027361,"minecraft:crouch_one_cm":23232,"minecraft:deaths":2,"minecraft:sneak_time":8983,"minecraft:walk_under_water_one_cm":236,"minecraft:aviate_one_cm":2052830,"minecraft:jump":1783,"minecraft:walk_on_water_one_cm":921,"minecraft:fall_one_cm":7677},"minecraft:used":{"minecraft:oak_trapdoor":50,"minecraft:oak_fence":41,"minecraft:mossy_stone_bricks":53,"minecraft:polished_blackstone_brick_slab":155,"securitycraft:reinforced_orange_stained_glass":28,"minecraft:orange_concrete":53,"securitycraft:reinforced_cobblestone":32,"minecraft:red_concrete":40,"minecraft:redstone":15,"minecraft:powered_rail":7,"minecraft:oak_sign":9,"hammers:enhanced_diamond_hammer":102,"minecraft:stone":36,"minecraft:quartz_stairs":9,"minecraft:cobblestone_slab":27,"customnpcs:npcwand":1,"minecraft:pink_concrete":2,"minecraft:torch":13,"minecraft:dirt":7,"minecraft:rail":15,"minecraft:anvil":3,"minecraft:light_blue_concrete":43,"securitycraft:reinforced_blue_stained_glass":28,"securitycraft:reinforced_magenta_stained_glass":27,"minecraft:twisting_vines":1,"securitycraft:reinforced_red_stained_glass":27,"minecraft:yellow_concrete":61,"minecraft:campfire":8,"securitycraft:reinforced_light_blue_stained_glass":28,"securitycraft:reinforced_oak_slab":72,"minecraft:blue_concrete":55,"minecraft:milk_bucket":1,"minecraft:shroomlight":36,"minecraft:glass":20,"minecraft:stone_brick_slab":620,"minecraft:lever":12,"minecraft:sea_lantern":463,"minecraft:diamond_shovel":152,"minecraft:command_block":48,"minecraft:grass_block":683,"minecraft:stone_button":10,"minecraft:quartz_block":7,"minecraft:magenta_concrete":39,"minecraft:stone_slab":31,"customnpcs:npcbuilderblock":10,"minecraft:smooth_quartz":182,"minecraft:stone_bricks":2,"minecraft:bedrock":645,"securitycraft:reinforced_pink_stained_glass":32,"minecraft:basalt":1,"minecraft:chiseled_stone_bricks":2,"minecraft:purple_concrete":44,"torchmaster:feral_flare_lantern":24,"minecraft:lime_concrete":58,"minecraft:potion":6,"securitycraft:reinforced_lime_stained_glass":25,"minecraft:oak_sapling":4,"minecraft:minecart":3,"securitycraft:reinforced_yellow_stained_glass":27,"minecraft:white_concrete":348,"minecraft:bone_meal":93,"securitycraft:reinforced_oak_log":14,"minecraft:dark_oak_sapling":74}},"DataVersion":2586}