{"stats":{"minecraft:used":{"minecraft:pink_concrete":2,"minecraft:anvil":3,"minecraft:bedrock":645,"minecraft:purple_concrete":1,"minecraft:lever":7,"minecraft:sea_lantern":192,"minecraft:lime_concrete":2,"minecraft:potion":5,"minecraft:light_blue_concrete":2,"minecraft:orange_concrete":2,"minecraft:command_block":43,"minecraft:red_concrete":2,"minecraft:grass_block":536,"minecraft:yellow_concrete":2,"minecraft:oak_sign":9,"minecraft:stone_button":7,"minecraft:quartz_block":7,"minecraft:magenta_concrete":2,"minecraft:white_concrete":348,"minecraft:stone":36,"minecraft:smooth_quartz":5,"minecraft:blue_concrete":2,"minecraft:milk_bucket":1},"minecraft:custom":{"minecraft:time_since_rest":1600,"minecraft:crouch_one_cm":16006,"minecraft:play_one_minute":113744,"minecraft:deaths":1,"minecraft:sprint_one_cm":55754,"minecraft:damage_taken":210,"minecraft:walk_one_cm":156365,"minecraft:sneak_time":3560,"minecraft:walk_under_water_one_cm":236,"minecraft:aviate_one_cm":2052830,"minecraft:jump":351,"minecraft:damage_dealt":176,"minecraft:leave_game":5,"minecraft:walk_on_water_one_cm":492,"minecraft:time_since_death":1593,"minecraft:fall_one_cm":2344,"minecraft:fly_one_cm":149744},"minecraft:picked_up":{"minecraft:bone":1,"minecraft:rotten_flesh":2,"minecraft:oak_sign":1,"minecraft:stone_button":1}},"DataVersion":2586}