{"stats":{"minecraft:used":{"minecraft:shroomlight":26,"minecraft:glass":20,"minecraft:stone_brick_slab":620,"minecraft:lever":7,"minecraft:mossy_stone_bricks":53,"minecraft:polished_blackstone_brick_slab":79,"minecraft:sea_lantern":462,"securitycraft:reinforced_orange_stained_glass":28,"minecraft:orange_concrete":53,"minecraft:command_block":43,"minecraft:grass_block":575,"minecraft:red_concrete":40,"minecraft:quartz_block":7,"minecraft:stone_button":7,"minecraft:oak_sign":9,"minecraft:magenta_concrete":39,"minecraft:stone_slab":31,"minecraft:stone":36,"minecraft:smooth_quartz":5,"minecraft:cobblestone_slab":27,"minecraft:stone_bricks":2,"minecraft:bedrock":645,"securitycraft:reinforced_pink_stained_glass":32,"minecraft:basalt":1,"minecraft:pink_concrete":2,"minecraft:chiseled_stone_bricks":1,"minecraft:anvil":3,"minecraft:purple_concrete":44,"minecraft:lime_concrete":58,"minecraft:potion":5,"minecraft:light_blue_concrete":42,"securitycraft:reinforced_lime_stained_glass":25,"securitycraft:reinforced_blue_stained_glass":28,"securitycraft:reinforced_magenta_stained_glass":27,"securitycraft:reinforced_red_stained_glass":27,"minecraft:yellow_concrete":60,"securitycraft:reinforced_yellow_stained_glass":27,"minecraft:white_concrete":348,"securitycraft:reinforced_light_blue_stained_glass":28,"minecraft:blue_concrete":55,"minecraft:milk_bucket":1},"minecraft:picked_up":{"minecraft:stone_button":1,"minecraft:bone":1,"minecraft:rotten_flesh":2,"minecraft:oak_sign":1},"minecraft:custom":{"minecraft:time_since_rest":68926,"minecraft:sprint_one_cm":96698,"minecraft:damage_taken":210,"minecraft:walk_one_cm":363275,"minecraft:damage_dealt":356,"minecraft:fly_one_cm":424215,"minecraft:play_one_minute":181070,"minecraft:crouch_one_cm":18672,"minecraft:deaths":1,"minecraft:sneak_time":5749,"minecraft:walk_under_water_one_cm":236,"minecraft:aviate_one_cm":2052830,"minecraft:jump":777,"minecraft:leave_game":5,"minecraft:time_since_death":68919,"minecraft:walk_on_water_one_cm":492,"minecraft:fall_one_cm":2344}},"DataVersion":2586}