{"stats":{"minecraft:used":{"minecraft:wooden_axe":7,"minecraft:dirt":5,"minecraft:crafting_table":2,"minecraft:stone_pickaxe":57,"minecraft:wooden_pickaxe":54,"minecraft:wooden_shovel":4},"minecraft:custom":{"minecraft:time_since_rest":15105,"minecraft:play_one_minute":15105,"minecraft:sprint_one_cm":15249,"minecraft:walk_one_cm":19170,"minecraft:walk_under_water_one_cm":241,"minecraft:jump":51,"minecraft:walk_on_water_one_cm":1198,"minecraft:leave_game":2,"minecraft:time_since_death":15105,"minecraft:swim_one_cm":383,"minecraft:interact_with_crafting_table":3,"minecraft:fall_one_cm":211,"minecraft:fly_one_cm":10107},"minecraft:picked_up":{"minecraft:stick":2,"minecraft:crafting_table":1,"minecraft:oak_log":15,"minecraft:dark_oak_log":12,"minecraft:dirt":5,"minecraft:cobblestone":111},"minecraft:mined":{"minecraft:grass":1,"minecraft:grass_block":2,"minecraft:oak_log":15,"minecraft:dirt":3,"minecraft:stone":111,"minecraft:dark_oak_log":12,"minecraft:crafting_table":1,"minecraft:oak_leaves":4},"minecraft:crafted":{"minecraft:oak_planks":36,"minecraft:wooden_shovel":1,"minecraft:dark_oak_planks":48,"minecraft:crafting_table":1,"minecraft:stone_pickaxe":2,"minecraft:stick":12,"minecraft:wooden_pickaxe":1,"minecraft:wooden_axe":1}},"DataVersion":2586}