{"stats":{"minecraft:dropped":{"minecraft:wooden_axe":1,"minecraft:wooden_pickaxe":1,"minecraft:stone_pickaxe":1},"minecraft:used":{"minecraft:cooked_mutton":2,"minecraft:stone_pickaxe":131,"minecraft:oak_planks":48,"minecraft:wooden_pickaxe":54,"minecraft:birch_boat":1,"minecraft:wooden_shovel":21,"minecraft:dirt":12,"minecraft:crafting_table":7,"minecraft:white_bed":2,"minecraft:wooden_axe":50,"minecraft:iron_axe":29,"minecraft:stone_axe":45,"minecraft:cobblestone":71,"minecraft:dark_oak_boat":1,"minecraft:furnace":2,"minecraft:porkchop":4},"minecraft:killed":{"minecraft:pig":1,"minecraft:sheep":5},"minecraft:custom":{"minecraft:interact_with_furnace":18,"minecraft:mob_kills":6,"minecraft:interact_with_crafting_table":18,"minecraft:play_one_minute":48344,"minecraft:leave_game":10,"minecraft:time_since_death":48344,"minecraft:sleep_in_bed":2,"minecraft:time_since_rest":2814,"minecraft:sprint_one_cm":53202,"minecraft:damage_taken":110,"minecraft:walk_one_cm":64648,"minecraft:drop":3,"minecraft:damage_dealt":500,"minecraft:swim_one_cm":383,"minecraft:fly_one_cm":37194,"minecraft:crouch_one_cm":3038,"minecraft:sneak_time":986,"minecraft:walk_under_water_one_cm":264,"minecraft:boat_one_cm":24003,"minecraft:jump":295,"minecraft:walk_on_water_one_cm":17316,"minecraft:fall_one_cm":5652},"minecraft:picked_up":{"minecraft:birch_log":3,"minecraft:crafting_table":4,"minecraft:dark_oak_boat":1,"minecraft:oak_log":98,"minecraft:dirt":20,"minecraft:bone":2,"minecraft:iron_ore":37,"minecraft:light_gray_wool":2,"minecraft:sugar_cane":6,"minecraft:oak_planks":1,"minecraft:furnace":2,"minecraft:stick":7,"minecraft:porkchop":4,"minecraft:sand":2,"minecraft:diorite":1,"minecraft:white_bed":2,"minecraft:dark_oak_log":12,"minecraft:oak_sapling":8,"minecraft:black_wool":1,"minecraft:mutton":6,"minecraft:coal":23,"minecraft:white_wool":3,"minecraft:cobblestone":120},"minecraft:mined":{"minecraft:white_bed":2,"minecraft:dark_oak_log":12,"minecraft:crafting_table":4,"minecraft:grass_block":3,"minecraft:cobblestone":1,"minecraft:sugar_cane":4,"minecraft:oak_planks":1,"minecraft:diorite":1,"minecraft:furnace":2,"minecraft:birch_log":5,"minecraft:iron_ore":38,"minecraft:grass":3,"minecraft:oak_log":99,"minecraft:coal_ore":23,"minecraft:dirt":18,"minecraft:sand":2,"minecraft:stone":119,"minecraft:oak_leaves":14},"minecraft:crafted":{"minecraft:oak_planks":60,"minecraft:wooden_shovel":1,"minecraft:dark_oak_boat":1,"minecraft:crafting_table":4,"minecraft:birch_boat":1,"minecraft:wooden_pickaxe":1,"minecraft:iron_helmet":1,"minecraft:furnace":2,"minecraft:birch_planks":12,"minecraft:stone_axe":1,"minecraft:cooked_mutton":4,"minecraft:air":0,"minecraft:iron_boots":1,"minecraft:iron_chestplate":1,"minecraft:shield":1,"minecraft:iron_axe":1,"minecraft:stick":24,"minecraft:iron_ingot":37,"minecraft:iron_pickaxe":1,"minecraft:stone_pickaxe":2,"minecraft:wooden_axe":1,"minecraft:iron_leggings":1,"minecraft:white_bed":1,"minecraft:dark_oak_planks":48}},"DataVersion":2586}