{"stats":{"minecraft:dropped":{"minecraft:wooden_axe":1,"minecraft:wooden_pickaxe":1,"minecraft:stone_pickaxe":1},"minecraft:broken":{"minecraft:wooden_shovel":1},"minecraft:used":{"minecraft:cooked_mutton":3,"minecraft:stone_pickaxe":131,"minecraft:oak_planks":48,"minecraft:wooden_pickaxe":54,"minecraft:birch_boat":1,"minecraft:wooden_shovel":60,"minecraft:dirt":45,"minecraft:crafting_table":7,"minecraft:white_bed":3,"minecraft:wooden_axe":50,"minecraft:iron_axe":95,"minecraft:stone_axe":45,"minecraft:cobblestone":71,"minecraft:dark_oak_boat":1,"minecraft:furnace":2,"minecraft:porkchop":4},"minecraft:killed":{"minecraft:pig":1,"minecraft:salmon":7,"minecraft:sheep":5},"minecraft:custom":{"minecraft:interact_with_furnace":18,"minecraft:mob_kills":13,"minecraft:interact_with_crafting_table":18,"minecraft:play_one_minute":58821,"minecraft:leave_game":13,"minecraft:time_since_death":58821,"minecraft:sleep_in_bed":3,"minecraft:time_since_rest":4424,"minecraft:sprint_one_cm":79520,"minecraft:damage_taken":170,"minecraft:walk_one_cm":91018,"minecraft:drop":3,"minecraft:damage_dealt":736,"minecraft:swim_one_cm":7369,"minecraft:fly_one_cm":69725,"minecraft:crouch_one_cm":3283,"minecraft:sneak_time":1055,"minecraft:walk_under_water_one_cm":3011,"minecraft:boat_one_cm":24003,"minecraft:jump":535,"minecraft:walk_on_water_one_cm":23369,"minecraft:fall_one_cm":10671},"minecraft:picked_up":{"minecraft:birch_log":3,"minecraft:crafting_table":4,"minecraft:salmon":7,"minecraft:dark_oak_boat":1,"minecraft:oak_log":147,"minecraft:dirt":51,"minecraft:bone":2,"minecraft:iron_ore":37,"minecraft:light_gray_wool":2,"minecraft:sugar_cane":10,"minecraft:oak_planks":1,"minecraft:furnace":2,"minecraft:stick":7,"minecraft:porkchop":4,"minecraft:sand":2,"minecraft:diorite":1,"minecraft:white_bed":3,"minecraft:dark_oak_log":12,"minecraft:oak_sapling":9,"minecraft:black_wool":1,"minecraft:mutton":6,"minecraft:coal":23,"minecraft:snowball":1,"minecraft:white_wool":3,"minecraft:cobblestone":120},"minecraft:mined":{"minecraft:white_bed":3,"minecraft:dark_oak_log":12,"minecraft:crafting_table":4,"minecraft:grass_block":38,"minecraft:cobblestone":1,"minecraft:sugar_cane":5,"minecraft:oak_planks":1,"minecraft:diorite":1,"minecraft:furnace":2,"minecraft:birch_log":5,"minecraft:iron_ore":38,"minecraft:snow":1,"minecraft:grass":3,"minecraft:oak_log":148,"minecraft:coal_ore":23,"minecraft:dirt":20,"minecraft:sand":2,"minecraft:stone":119,"minecraft:oak_leaves":18},"minecraft:crafted":{"minecraft:oak_planks":60,"minecraft:wooden_shovel":1,"minecraft:dark_oak_boat":1,"minecraft:crafting_table":4,"minecraft:birch_boat":1,"minecraft:wooden_pickaxe":1,"minecraft:iron_helmet":1,"minecraft:furnace":2,"minecraft:birch_planks":12,"minecraft:stone_axe":1,"minecraft:cooked_mutton":4,"minecraft:air":0,"minecraft:iron_boots":1,"minecraft:iron_chestplate":1,"minecraft:shield":1,"minecraft:iron_axe":1,"minecraft:stick":24,"minecraft:iron_ingot":37,"minecraft:iron_pickaxe":1,"minecraft:stone_pickaxe":2,"minecraft:wooden_axe":1,"minecraft:iron_leggings":1,"minecraft:white_bed":1,"minecraft:dark_oak_planks":48}},"DataVersion":2586}