{"stats":{"minecraft:used":{"minecraft:wooden_axe":50,"minecraft:stone_pickaxe":58,"minecraft:oak_planks":48,"minecraft:wooden_pickaxe":54,"minecraft:birch_boat":1,"minecraft:wooden_shovel":19,"minecraft:stone_axe":34,"minecraft:dirt":8,"minecraft:dark_oak_boat":1,"minecraft:crafting_table":6,"minecraft:porkchop":4,"minecraft:white_bed":1},"minecraft:killed":{"minecraft:sheep":5,"minecraft:pig":1},"minecraft:custom":{"minecraft:time_since_rest":2555,"minecraft:sprint_one_cm":42997,"minecraft:damage_taken":30,"minecraft:walk_one_cm":38178,"minecraft:mob_kills":6,"minecraft:damage_dealt":500,"minecraft:swim_one_cm":383,"minecraft:interact_with_crafting_table":7,"minecraft:fly_one_cm":30788,"minecraft:play_one_minute":29792,"minecraft:walk_under_water_one_cm":264,"minecraft:boat_one_cm":24003,"minecraft:jump":202,"minecraft:leave_game":6,"minecraft:time_since_death":29792,"minecraft:walk_on_water_one_cm":17316,"minecraft:sleep_in_bed":1,"minecraft:fall_one_cm":2949},"minecraft:picked_up":{"minecraft:birch_log":3,"minecraft:stick":3,"minecraft:crafting_table":3,"minecraft:dark_oak_boat":1,"minecraft:porkchop":4,"minecraft:sand":2,"minecraft:oak_log":64,"minecraft:white_bed":1,"minecraft:dark_oak_log":12,"minecraft:dirt":17,"minecraft:bone":2,"minecraft:light_gray_wool":2,"minecraft:oak_sapling":2,"minecraft:black_wool":1,"minecraft:sugar_cane":6,"minecraft:mutton":6,"minecraft:oak_planks":1,"minecraft:white_wool":3,"minecraft:cobblestone":112},"minecraft:mined":{"minecraft:white_bed":1,"minecraft:birch_log":5,"minecraft:dark_oak_log":12,"minecraft:crafting_table":3,"minecraft:grass":3,"minecraft:grass_block":3,"minecraft:oak_log":64,"minecraft:sand":2,"minecraft:dirt":15,"minecraft:stone":112,"minecraft:sugar_cane":4,"minecraft:oak_planks":1,"minecraft:oak_leaves":10},"minecraft:crafted":{"minecraft:oak_planks":60,"minecraft:wooden_shovel":1,"minecraft:dark_oak_boat":1,"minecraft:crafting_table":4,"minecraft:stick":12,"minecraft:birch_boat":1,"minecraft:wooden_pickaxe":1,"minecraft:stone_pickaxe":2,"minecraft:wooden_axe":1,"minecraft:white_bed":1,"minecraft:dark_oak_planks":48,"minecraft:birch_planks":12,"minecraft:stone_axe":1}},"DataVersion":2586}