{"stats":{"minecraft:used":{"minecraft:wooden_axe":50,"minecraft:stone_pickaxe":104,"minecraft:oak_planks":48,"minecraft:wooden_pickaxe":54,"minecraft:birch_boat":1,"minecraft:wooden_shovel":19,"minecraft:stone_axe":45,"minecraft:dirt":12,"minecraft:cobblestone":44,"minecraft:dark_oak_boat":1,"minecraft:crafting_table":6,"minecraft:porkchop":4,"minecraft:white_bed":1},"minecraft:killed":{"minecraft:sheep":5,"minecraft:pig":1},"minecraft:custom":{"minecraft:time_since_rest":9343,"minecraft:sprint_one_cm":45826,"minecraft:damage_taken":60,"minecraft:walk_one_cm":49406,"minecraft:mob_kills":6,"minecraft:damage_dealt":500,"minecraft:swim_one_cm":383,"minecraft:interact_with_crafting_table":7,"minecraft:fly_one_cm":31937,"minecraft:play_one_minute":36580,"minecraft:crouch_one_cm":1070,"minecraft:sneak_time":515,"minecraft:walk_under_water_one_cm":264,"minecraft:boat_one_cm":24003,"minecraft:jump":237,"minecraft:leave_game":8,"minecraft:time_since_death":36580,"minecraft:walk_on_water_one_cm":17316,"minecraft:sleep_in_bed":1,"minecraft:fall_one_cm":3727},"minecraft:picked_up":{"minecraft:birch_log":3,"minecraft:stick":7,"minecraft:crafting_table":3,"minecraft:dark_oak_boat":1,"minecraft:porkchop":4,"minecraft:sand":2,"minecraft:oak_log":73,"minecraft:diorite":1,"minecraft:white_bed":1,"minecraft:dark_oak_log":12,"minecraft:dirt":17,"minecraft:bone":2,"minecraft:iron_ore":15,"minecraft:light_gray_wool":2,"minecraft:black_wool":1,"minecraft:oak_sapling":8,"minecraft:sugar_cane":6,"minecraft:mutton":6,"minecraft:oak_planks":1,"minecraft:coal":23,"minecraft:white_wool":3,"minecraft:cobblestone":117},"minecraft:mined":{"minecraft:white_bed":1,"minecraft:iron_ore":17,"minecraft:birch_log":5,"minecraft:dark_oak_log":12,"minecraft:crafting_table":3,"minecraft:grass":3,"minecraft:grass_block":3,"minecraft:oak_log":73,"minecraft:coal_ore":23,"minecraft:sand":2,"minecraft:dirt":15,"minecraft:cobblestone":1,"minecraft:stone":116,"minecraft:oak_planks":1,"minecraft:sugar_cane":4,"minecraft:diorite":1,"minecraft:oak_leaves":12},"minecraft:crafted":{"minecraft:oak_planks":60,"minecraft:wooden_shovel":1,"minecraft:dark_oak_boat":1,"minecraft:crafting_table":4,"minecraft:stick":12,"minecraft:birch_boat":1,"minecraft:wooden_pickaxe":1,"minecraft:stone_pickaxe":2,"minecraft:wooden_axe":1,"minecraft:white_bed":1,"minecraft:dark_oak_planks":48,"minecraft:birch_planks":12,"minecraft:stone_axe":1}},"DataVersion":2586}