{"stats":{"minecraft:dropped":{"minecraft:wheat_seeds":1},"minecraft:crafted":{"minecraft:wooden_sword":1,"minecraft:crafting_table":1,"minecraft:stick":12,"minecraft:wooden_pickaxe":1,"minecraft:stone_pickaxe":2,"minecraft:wooden_axe":1,"minecraft:stone_sword":1,"minecraft:dark_oak_planks":72,"minecraft:stone_axe":1},"minecraft:picked_up":{"minecraft:crafting_table":3,"minecraft:feather":3,"minecraft:chicken":2,"minecraft:cooked_porkchop":1,"minecraft:torch":1,"minecraft:dandelion":5,"minecraft:porkchop":1,"minecraft:oak_log":10,"minecraft:redstone":13,"minecraft:dirt":6,"minecraft:spider_eye":1,"minecraft:dark_oak_log":19,"minecraft:oak_trapdoor":2,"minecraft:leather_boots":1,"minecraft:polished_andesite":12,"minecraft:bone":1,"minecraft:arrow":2,"minecraft:polished_diorite":16,"minecraft:wheat_seeds":10,"minecraft:cooked_chicken":2,"minecraft:oak_sapling":1,"minecraft:cobblestone":174,"minecraft:egg":5},"minecraft:mined":{"minecraft:oak_trapdoor":2,"minecraft:glass_pane":2,"minecraft:dark_oak_leaves":1,"minecraft:dark_oak_log":19,"minecraft:dandelion":6,"minecraft:crafting_table":3,"minecraft:torch":1,"minecraft:grass":94,"minecraft:grass_block":2,"minecraft:oak_log":10,"minecraft:dirt":4,"minecraft:tall_grass":15,"minecraft:cobblestone":2,"minecraft:oak_leaves":5},"minecraft:used":{"minecraft:oak_trapdoor":1,"minecraft:wooden_axe":47,"minecraft:stone_sword":13,"minecraft:dark_oak_log":1,"carryon:entity_item":1,"minecraft:wooden_pickaxe":2,"minecraft:cooked_chicken":2,"carryon:tile_item":15,"minecraft:stone_axe":22,"minecraft:wooden_sword":15,"minecraft:dirt":6,"minecraft:crafting_table":3,"minecraft:cooked_porkchop":1,"minecraft:egg":4},"minecraft:custom":{"minecraft:time_since_rest":33481,"minecraft:sprint_one_cm":91338,"minecraft:damage_taken":153,"minecraft:walk_one_cm":115441,"minecraft:mob_kills":4,"minecraft:drop":1,"minecraft:damage_dealt":422,"minecraft:swim_one_cm":481,"minecraft:interact_with_crafting_table":5,"minecraft:fly_one_cm":11737,"minecraft:play_one_minute":33481,"minecraft:crouch_one_cm":2111,"minecraft:interact_with_campfire":3,"minecraft:sneak_time":1112,"minecraft:walk_under_water_one_cm":561,"minecraft:jump":123,"minecraft:leave_game":16,"minecraft:time_since_death":33481,"minecraft:walk_on_water_one_cm":966,"minecraft:climb_one_cm":3904,"minecraft:fall_one_cm":866},"minecraft:killed":{"minecraft:sheep":1,"minecraft:pig":1,"minecraft:chicken":2}},"DataVersion":2586}