{"stats":{"minecraft:dropped":{"minecraft:wheat_seeds":1},"minecraft:crafted":{"minecraft:wooden_sword":1,"minecraft:crafting_table":1,"minecraft:stick":12,"minecraft:wooden_pickaxe":1,"minecraft:wooden_axe":1,"minecraft:dark_oak_planks":36},"minecraft:picked_up":{"minecraft:crafting_table":1,"minecraft:feather":2,"minecraft:chicken":1,"minecraft:cooked_porkchop":1,"minecraft:torch":1,"minecraft:dandelion":5,"minecraft:porkchop":1,"minecraft:oak_log":5,"minecraft:redstone":13,"minecraft:spider_eye":1,"minecraft:dark_oak_log":19,"minecraft:dirt":6,"minecraft:oak_trapdoor":1,"minecraft:leather_boots":1,"minecraft:polished_andesite":12,"minecraft:arrow":2,"minecraft:bone":1,"minecraft:polished_diorite":16,"minecraft:wheat_seeds":5,"minecraft:cooked_chicken":1,"minecraft:oak_sapling":1,"minecraft:cobblestone":174,"minecraft:egg":5},"minecraft:mined":{"minecraft:oak_trapdoor":1,"minecraft:dark_oak_leaves":1,"minecraft:dark_oak_log":19,"minecraft:dandelion":6,"minecraft:crafting_table":1,"minecraft:torch":1,"minecraft:grass":75,"minecraft:grass_block":2,"minecraft:oak_log":5,"minecraft:dirt":4,"minecraft:tall_grass":8,"minecraft:cobblestone":2,"minecraft:oak_leaves":4},"minecraft:used":{"minecraft:wooden_axe":47,"minecraft:dark_oak_log":1,"minecraft:wooden_pickaxe":2,"minecraft:cooked_chicken":1,"minecraft:wooden_sword":15,"minecraft:dirt":6,"minecraft:crafting_table":1,"minecraft:cooked_porkchop":1,"minecraft:egg":4},"minecraft:custom":{"minecraft:time_since_rest":20923,"minecraft:sprint_one_cm":56551,"minecraft:damage_taken":153,"minecraft:walk_one_cm":78854,"minecraft:mob_kills":2,"minecraft:drop":1,"minecraft:damage_dealt":302,"minecraft:swim_one_cm":481,"minecraft:interact_with_crafting_table":3,"minecraft:fly_one_cm":9787,"minecraft:play_one_minute":20923,"minecraft:crouch_one_cm":855,"minecraft:interact_with_campfire":2,"minecraft:sneak_time":416,"minecraft:walk_under_water_one_cm":561,"minecraft:jump":102,"minecraft:leave_game":14,"minecraft:time_since_death":20923,"minecraft:walk_on_water_one_cm":966,"minecraft:climb_one_cm":1863,"minecraft:fall_one_cm":866},"minecraft:killed":{"minecraft:pig":1,"minecraft:chicken":1}},"DataVersion":2586}