{"stats":{"minecraft:picked_up":{"minecraft:wheat_seeds":1,"minecraft:egg":4},"minecraft:used":{"minecraft:egg":4},"minecraft:mined":{"minecraft:tall_grass":1,"minecraft:grass":19,"minecraft:dandelion":1,"minecraft:torch":1},"minecraft:custom":{"minecraft:jump":7,"minecraft:time_since_rest":5008,"minecraft:damage_dealt":38,"minecraft:crouch_one_cm":76,"minecraft:play_one_minute":5008,"minecraft:leave_game":10,"minecraft:sprint_one_cm":6844,"minecraft:damage_taken":60,"minecraft:time_since_death":5008,"minecraft:walk_one_cm":26912,"minecraft:sneak_time":9,"minecraft:fall_one_cm":229,"minecraft:fly_one_cm":1314}},"DataVersion":2586}