{"stats":{"minecraft:dropped":{"minecraft:wheat_seeds":1},"minecraft:crafted":{"minecraft:wooden_sword":1,"minecraft:dark_oak_planks":36,"minecraft:crafting_table":1,"minecraft:stick":12,"minecraft:wooden_pickaxe":1,"minecraft:wooden_axe":1},"minecraft:picked_up":{"minecraft:crafting_table":1,"minecraft:arrow":2,"minecraft:bone":1,"minecraft:wheat_seeds":2,"minecraft:torch":1,"minecraft:dark_oak_log":15,"minecraft:egg":4},"minecraft:used":{"minecraft:wooden_axe":24,"minecraft:crafting_table":1,"minecraft:egg":4},"minecraft:mined":{"minecraft:grass":43,"minecraft:dark_oak_leaves":1,"minecraft:tall_grass":3,"minecraft:dark_oak_log":15,"minecraft:dandelion":1,"minecraft:crafting_table":1,"minecraft:torch":1},"minecraft:custom":{"minecraft:time_since_rest":11419,"minecraft:play_one_minute":11419,"minecraft:crouch_one_cm":148,"minecraft:sprint_one_cm":20216,"minecraft:damage_taken":60,"minecraft:walk_one_cm":40933,"minecraft:sneak_time":36,"minecraft:drop":1,"minecraft:jump":38,"minecraft:damage_dealt":38,"minecraft:leave_game":13,"minecraft:time_since_death":11419,"minecraft:walk_on_water_one_cm":683,"minecraft:interact_with_crafting_table":3,"minecraft:fall_one_cm":647,"minecraft:fly_one_cm":3057}},"DataVersion":2586}