{"stats":{"minecraft:picked_up":{"minecraft:bone":2,"minecraft:arrow":1,"minecraft:cooked_porkchop":10,"minecraft:wheat_seeds":1,"minecraft:dirt":1},"minecraft:used":{"minecraft:cooked_porkchop":1},"minecraft:mined":{"minecraft:poppy":1,"minecraft:grass_block":1},"minecraft:custom":{"minecraft:jump":140,"minecraft:time_since_rest":7994,"minecraft:crouch_one_cm":160,"minecraft:play_one_minute":7994,"minecraft:leave_game":2,"minecraft:sprint_one_cm":17438,"minecraft:walk_one_cm":17437,"minecraft:time_since_death":7994,"minecraft:sneak_time":116,"minecraft:climb_one_cm":354,"minecraft:fall_one_cm":1674,"minecraft:fly_one_cm":40084}},"DataVersion":2586}