{"stats":{"minecraft:picked_up":{"minecraft:bone":2,"minecraft:arrow":1,"minecraft:cooked_porkchop":10,"minecraft:wheat_seeds":1,"minecraft:dirt":1},"minecraft:used":{"minecraft:cooked_porkchop":1},"minecraft:mined":{"minecraft:grass_block":1,"minecraft:poppy":1},"minecraft:custom":{"minecraft:jump":140,"minecraft:time_since_rest":29725,"minecraft:walk_on_water_one_cm":3046,"minecraft:walk_one_cm":17437,"minecraft:crouch_one_cm":160,"minecraft:play_one_minute":29725,"minecraft:leave_game":3,"minecraft:sprint_one_cm":17438,"minecraft:time_since_death":29725,"minecraft:sneak_time":2166,"minecraft:climb_one_cm":354,"minecraft:walk_under_water_one_cm":3954,"minecraft:fall_one_cm":1674,"minecraft:fly_one_cm":674070}},"DataVersion":2586}