{"stats":{"minecraft:dropped":{"minecraft:iron_sword":1,"minecraft:wheat_seeds":1,"minecraft:dirt":3,"minecraft:mutton":1,"minecraft:wooden_pickaxe":1,"minecraft:white_wool":1},"minecraft:crafted":{"minecraft:oak_planks":28,"minecraft:diamond_sword":1,"minecraft:crafting_table":1,"minecraft:wooden_pickaxe":1,"minecraft:iron_sword":1,"minecraft:furnace":1,"minecraft:air":0,"minecraft:iron_boots":1,"minecraft:iron_chestplate":1,"minecraft:diamond_pickaxe":1,"minecraft:shield":1,"minecraft:iron_axe":1,"minecraft:stick":28,"minecraft:iron_ingot":30,"minecraft:iron_pickaxe":2,"minecraft:stone_pickaxe":1,"minecraft:iron_shovel":1,"minecraft:torch":28},"minecraft:picked_up":{"minecraft:crafting_table":1,"minecraft:andesite":6,"minecraft:oak_log":7,"minecraft:dirt":20,"minecraft:bone":1,"minecraft:wheat_seeds":11,"minecraft:iron_ore":86,"minecraft:furnace":1,"minecraft:cooked_porkchop":10,"minecraft:torch":1,"minecraft:porkchop":7,"minecraft:diorite":24,"minecraft:gold_ore":4,"minecraft:redstone":54,"minecraft:arrow":2,"minecraft:diamond":5,"minecraft:granite":54,"minecraft:mutton":1,"minecraft:coal":59,"minecraft:white_wool":1,"minecraft:cobblestone":495},"minecraft:used":{"minecraft:iron_shovel":7,"minecraft:stone_pickaxe":131,"minecraft:wooden_pickaxe":4,"minecraft:shield":3,"minecraft:iron_sword":8,"minecraft:torch":24,"minecraft:dirt":10,"minecraft:crafting_table":2,"minecraft:diamond_pickaxe":117,"minecraft:iron_axe":1,"minecraft:iron_pickaxe":501,"minecraft:diamond_sword":2,"minecraft:cobblestone":80,"minecraft:furnace":1,"minecraft:cooked_porkchop":9},"minecraft:mined":{"minecraft:diamond_ore":5,"minecraft:dark_oak_leaves":13,"minecraft:crafting_table":1,"minecraft:granite":54,"minecraft:grass_block":11,"minecraft:tall_grass":36,"minecraft:cobblestone":25,"minecraft:diorite":24,"minecraft:wall_torch":1,"minecraft:redstone_ore":15,"minecraft:furnace":1,"minecraft:iron_ore":86,"minecraft:andesite":6,"minecraft:grass":102,"minecraft:coal_ore":53,"minecraft:oak_log":6,"minecraft:dirt":9,"minecraft:stone":479,"minecraft:gold_ore":4},"minecraft:broken":{"minecraft:stone_pickaxe":1,"minecraft:iron_pickaxe":2},"minecraft:custom":{"minecraft:interact_with_furnace":15,"minecraft:mob_kills":7,"minecraft:interact_with_crafting_table":10,"minecraft:play_one_minute":58077,"minecraft:leave_game":2,"minecraft:time_since_death":58077,"minecraft:climb_one_cm":438,"minecraft:time_since_rest":58077,"minecraft:sprint_one_cm":219564,"minecraft:damage_taken":399,"minecraft:walk_one_cm":216003,"minecraft:damage_blocked_by_shield":140,"minecraft:drop":6,"minecraft:damage_dealt":1175,"minecraft:fly_one_cm":114692,"minecraft:crouch_one_cm":12875,"minecraft:sneak_time":4286,"minecraft:jump":552,"minecraft:walk_on_water_one_cm":3193,"minecraft:fall_one_cm":7366},"minecraft:killed":{"minecraft:pig":4,"minecraft:creeper":1,"minecraft:sheep":1,"minecraft:skeleton":1}},"DataVersion":2586}