{"stats":{"minecraft:dropped":{"minecraft:dirt":3,"minecraft:wheat_seeds":1,"minecraft:mutton":1,"minecraft:wooden_pickaxe":1,"minecraft:white_wool":1},"minecraft:crafted":{"minecraft:oak_planks":28,"minecraft:iron_chestplate":1,"minecraft:iron_boots":1,"minecraft:shield":1,"minecraft:iron_axe":1,"minecraft:crafting_table":1,"minecraft:stick":28,"minecraft:iron_ingot":30,"minecraft:wooden_pickaxe":1,"minecraft:iron_pickaxe":2,"minecraft:stone_pickaxe":1,"minecraft:iron_sword":1,"minecraft:iron_shovel":1,"minecraft:furnace":1,"minecraft:torch":20,"minecraft:air":0},"minecraft:picked_up":{"minecraft:crafting_table":1,"minecraft:cooked_porkchop":10,"minecraft:torch":1,"minecraft:porkchop":7,"minecraft:oak_log":7,"minecraft:diorite":10,"minecraft:dirt":15,"minecraft:bone":1,"minecraft:arrow":2,"minecraft:wheat_seeds":11,"minecraft:iron_ore":43,"minecraft:mutton":1,"minecraft:coal":59,"minecraft:white_wool":1,"minecraft:cobblestone":231,"minecraft:furnace":1},"minecraft:mined":{"minecraft:furnace":1,"minecraft:dark_oak_leaves":13,"minecraft:iron_ore":43,"minecraft:crafting_table":1,"minecraft:grass":102,"minecraft:grass_block":11,"minecraft:oak_log":6,"minecraft:coal_ore":53,"minecraft:dirt":4,"minecraft:tall_grass":36,"minecraft:cobblestone":20,"minecraft:stone":211,"minecraft:diorite":10,"minecraft:wall_torch":1},"minecraft:used":{"minecraft:iron_shovel":2,"minecraft:iron_axe":1,"minecraft:stone_pickaxe":131,"minecraft:iron_pickaxe":204,"minecraft:shield":1,"minecraft:wooden_pickaxe":4,"minecraft:iron_sword":4,"minecraft:torch":9,"minecraft:dirt":10,"minecraft:cobblestone":31,"minecraft:crafting_table":1,"minecraft:furnace":1,"minecraft:cooked_porkchop":7},"minecraft:broken":{"minecraft:stone_pickaxe":1},"minecraft:custom":{"minecraft:time_since_rest":46077,"minecraft:interact_with_furnace":15,"minecraft:sprint_one_cm":206727,"minecraft:damage_taken":279,"minecraft:walk_one_cm":169927,"minecraft:damage_blocked_by_shield":50,"minecraft:mob_kills":6,"minecraft:drop":5,"minecraft:damage_dealt":760,"minecraft:interact_with_crafting_table":9,"minecraft:fly_one_cm":111000,"minecraft:crouch_one_cm":8420,"minecraft:play_one_minute":46077,"minecraft:sneak_time":2894,"minecraft:jump":498,"minecraft:leave_game":2,"minecraft:walk_on_water_one_cm":2742,"minecraft:time_since_death":46077,"minecraft:climb_one_cm":438,"minecraft:fall_one_cm":7155},"minecraft:killed":{"minecraft:sheep":1,"minecraft:skeleton":1,"minecraft:pig":4}},"DataVersion":2586}