{"stats":{"minecraft:dropped":{"minecraft:polished_diorite":16,"minecraft:iron_sword":1,"minecraft:wheat_seeds":1,"minecraft:cobblestone":172,"minecraft:oak_planks":5,"minecraft:granite":62,"minecraft:polished_andesite":12,"minecraft:grass":2,"minecraft:dirt":12,"minecraft:diorite":7,"minecraft:mutton":1,"minecraft:andesite":4,"minecraft:leather_boots":1,"minecraft:spider_eye":1,"minecraft:wooden_pickaxe":1,"minecraft:white_wool":1,"minecraft:redstone":13},"minecraft:crafted":{"minecraft:oak_planks":40,"minecraft:diamond_sword":1,"minecraft:cooked_porkchop":7,"minecraft:crafting_table":2,"minecraft:iron_helmet":1,"minecraft:wooden_pickaxe":1,"minecraft:iron_sword":1,"minecraft:furnace":2,"minecraft:bucket":1,"minecraft:air":0,"minecraft:polished_diorite":32,"minecraft:iron_boots":1,"minecraft:iron_chestplate":1,"minecraft:diamond_pickaxe":1,"minecraft:shield":1,"minecraft:iron_axe":1,"minecraft:stick":28,"minecraft:iron_ingot":106,"minecraft:iron_pickaxe":2,"minecraft:stone_pickaxe":1,"minecraft:gold_ingot":10,"minecraft:iron_shovel":1,"minecraft:iron_leggings":1,"minecraft:white_bed":1,"minecraft:oak_button":1,"minecraft:torch":48,"minecraft:shears":1,"minecraft:polished_andesite":24},"minecraft:picked_up":{"minecraft:crafting_table":3,"minecraft:andesite":29,"minecraft:leather":10,"minecraft:oak_log":44,"minecraft:string":2,"minecraft:dirt":25,"minecraft:leather_boots":1,"minecraft:bone":9,"minecraft:wheat_seeds":17,"minecraft:beef":5,"minecraft:iron_ore":107,"minecraft:sugar_cane":3,"minecraft:egg":4,"minecraft:furnace":3,"minecraft:cooked_porkchop":10,"minecraft:torch":2,"minecraft:porkchop":22,"minecraft:diorite":40,"minecraft:white_bed":1,"minecraft:gold_ore":10,"minecraft:redstone":77,"minecraft:spider_eye":1,"minecraft:arrow":6,"minecraft:diamond":5,"minecraft:granite":64,"minecraft:grass":2,"minecraft:oak_sapling":1,"minecraft:mutton":16,"minecraft:coal":89,"minecraft:white_wool":21,"minecraft:cobblestone":843},"minecraft:used":{"minecraft:diorite":1,"minecraft:iron_ore":1,"minecraft:iron_shovel":14,"minecraft:stone_pickaxe":131,"minecraft:wooden_pickaxe":4,"minecraft:shield":5,"minecraft:iron_sword":8,"minecraft:torch":32,"minecraft:dirt":13,"minecraft:crafting_table":4,"minecraft:white_bed":1,"minecraft:granite":2,"minecraft:diamond_pickaxe":574,"minecraft:iron_axe":43,"minecraft:oak_button":1,"minecraft:iron_pickaxe":501,"minecraft:diamond_sword":89,"minecraft:cobblestone":291,"minecraft:furnace":3,"minecraft:cooked_porkchop":17,"minecraft:bucket":1,"minecraft:andesite":1},"minecraft:mined":{"minecraft:diamond_ore":5,"minecraft:white_bed":1,"minecraft:dark_oak_leaves":13,"minecraft:crafting_table":3,"minecraft:granite":64,"minecraft:grass_block":12,"minecraft:tall_grass":80,"minecraft:cobblestone":95,"minecraft:sugar_cane":1,"minecraft:diorite":41,"minecraft:wall_torch":2,"minecraft:redstone_ore":17,"minecraft:furnace":3,"minecraft:iron_ore":107,"minecraft:birch_leaves":5,"minecraft:andesite":29,"minecraft:grass":117,"minecraft:coal_ore":83,"minecraft:oak_log":43,"minecraft:dirt":15,"minecraft:stone":754,"minecraft:gold_ore":10,"minecraft:oak_leaves":4},"minecraft:broken":{"minecraft:stone_pickaxe":1,"minecraft:iron_pickaxe":2},"minecraft:custom":{"minecraft:interact_with_furnace":81,"minecraft:mob_kills":35,"minecraft:interact_with_crafting_table":23,"minecraft:play_one_minute":107527,"minecraft:leave_game":3,"minecraft:time_since_death":107527,"minecraft:sleep_in_bed":2,"minecraft:climb_one_cm":1678,"minecraft:time_since_rest":9945,"minecraft:sprint_one_cm":370427,"minecraft:damage_taken":787,"minecraft:walk_one_cm":336836,"minecraft:damage_blocked_by_shield":220,"minecraft:drop":23,"minecraft:damage_dealt":4830,"minecraft:swim_one_cm":3633,"minecraft:fly_one_cm":254784,"minecraft:crouch_one_cm":20706,"minecraft:sneak_time":7036,"minecraft:walk_under_water_one_cm":894,"minecraft:jump":1351,"minecraft:walk_on_water_one_cm":6971,"minecraft:fall_one_cm":19796},"minecraft:killed":{"minecraft:pig":10,"minecraft:spider":2,"minecraft:creeper":1,"minecraft:sheep":9,"minecraft:horse":5,"minecraft:skeleton":4,"minecraft:chicken":1,"minecraft:cow":3}},"DataVersion":2586}