{"stats":{"minecraft:dropped":{"minecraft:iron_sword":1,"minecraft:wheat_seeds":1,"minecraft:granite":62,"minecraft:dirt":3,"minecraft:diorite":7,"minecraft:mutton":1,"minecraft:andesite":3,"minecraft:wooden_pickaxe":1,"minecraft:white_wool":1},"minecraft:crafted":{"minecraft:oak_planks":28,"minecraft:diamond_sword":1,"minecraft:cooked_porkchop":7,"minecraft:crafting_table":1,"minecraft:iron_helmet":1,"minecraft:wooden_pickaxe":1,"minecraft:iron_sword":1,"minecraft:furnace":2,"minecraft:air":0,"minecraft:polished_diorite":32,"minecraft:iron_boots":1,"minecraft:iron_chestplate":1,"minecraft:diamond_pickaxe":1,"minecraft:shield":1,"minecraft:iron_axe":1,"minecraft:stick":28,"minecraft:iron_ingot":91,"minecraft:iron_pickaxe":2,"minecraft:stone_pickaxe":1,"minecraft:gold_ingot":10,"minecraft:iron_shovel":1,"minecraft:iron_leggings":1,"minecraft:oak_button":1,"minecraft:torch":48,"minecraft:polished_andesite":24},"minecraft:picked_up":{"minecraft:crafting_table":1,"minecraft:andesite":27,"minecraft:oak_log":7,"minecraft:string":2,"minecraft:dirt":22,"minecraft:bone":3,"minecraft:wheat_seeds":11,"minecraft:iron_ore":107,"minecraft:furnace":1,"minecraft:cooked_porkchop":10,"minecraft:torch":2,"minecraft:porkchop":7,"minecraft:diorite":39,"minecraft:gold_ore":10,"minecraft:redstone":77,"minecraft:arrow":4,"minecraft:diamond":5,"minecraft:granite":63,"minecraft:mutton":1,"minecraft:coal":85,"minecraft:white_wool":1,"minecraft:cobblestone":775},"minecraft:used":{"minecraft:iron_ore":1,"minecraft:iron_shovel":9,"minecraft:stone_pickaxe":131,"minecraft:wooden_pickaxe":4,"minecraft:shield":3,"minecraft:iron_sword":8,"minecraft:torch":32,"minecraft:dirt":10,"minecraft:crafting_table":2,"minecraft:granite":1,"minecraft:diamond_pickaxe":496,"minecraft:iron_axe":1,"minecraft:oak_button":1,"minecraft:iron_pickaxe":501,"minecraft:diamond_sword":8,"minecraft:cobblestone":141,"minecraft:furnace":3,"minecraft:cooked_porkchop":10},"minecraft:mined":{"minecraft:diamond_ore":5,"minecraft:dark_oak_leaves":13,"minecraft:crafting_table":1,"minecraft:granite":63,"minecraft:grass_block":11,"minecraft:tall_grass":36,"minecraft:cobblestone":32,"minecraft:diorite":40,"minecraft:wall_torch":2,"minecraft:redstone_ore":17,"minecraft:furnace":1,"minecraft:iron_ore":107,"minecraft:andesite":27,"minecraft:grass":102,"minecraft:coal_ore":79,"minecraft:oak_log":6,"minecraft:dirt":11,"minecraft:stone":749,"minecraft:gold_ore":10},"minecraft:broken":{"minecraft:stone_pickaxe":1,"minecraft:iron_pickaxe":2},"minecraft:custom":{"minecraft:interact_with_furnace":68,"minecraft:mob_kills":9,"minecraft:interact_with_crafting_table":18,"minecraft:play_one_minute":82077,"minecraft:leave_game":2,"minecraft:time_since_death":82077,"minecraft:climb_one_cm":438,"minecraft:time_since_rest":82077,"minecraft:sprint_one_cm":244398,"minecraft:damage_taken":438,"minecraft:walk_one_cm":279730,"minecraft:damage_blocked_by_shield":140,"minecraft:drop":10,"minecraft:damage_dealt":1544,"minecraft:fly_one_cm":122351,"minecraft:crouch_one_cm":19239,"minecraft:sneak_time":5979,"minecraft:jump":654,"minecraft:walk_on_water_one_cm":3193,"minecraft:fall_one_cm":7635},"minecraft:killed":{"minecraft:pig":4,"minecraft:spider":1,"minecraft:creeper":1,"minecraft:sheep":1,"minecraft:skeleton":2}},"DataVersion":2586}