{"stats":{"minecraft:dropped":{"minecraft:wheat_seeds":1,"minecraft:mutton":1,"minecraft:white_wool":1},"minecraft:crafted":{"minecraft:oak_planks":28,"minecraft:crafting_table":1,"minecraft:stick":12,"minecraft:wooden_pickaxe":1,"minecraft:stone_pickaxe":1},"minecraft:picked_up":{"minecraft:cooked_porkchop":10,"minecraft:porkchop":7,"minecraft:oak_log":7,"minecraft:dirt":13,"minecraft:wheat_seeds":11,"minecraft:iron_ore":13,"minecraft:mutton":1,"minecraft:coal":8,"minecraft:white_wool":1,"minecraft:cobblestone":51},"minecraft:used":{"minecraft:stone_pickaxe":71,"minecraft:wooden_pickaxe":3,"minecraft:dirt":10,"minecraft:cobblestone":23,"minecraft:crafting_table":1,"minecraft:cooked_porkchop":4},"minecraft:mined":{"minecraft:dark_oak_leaves":13,"minecraft:iron_ore":13,"minecraft:grass":102,"minecraft:grass_block":11,"minecraft:oak_log":6,"minecraft:coal_ore":8,"minecraft:dirt":2,"minecraft:tall_grass":36,"minecraft:cobblestone":11,"minecraft:stone":42},"minecraft:custom":{"minecraft:time_since_rest":34077,"minecraft:sprint_one_cm":187432,"minecraft:damage_taken":50,"minecraft:walk_one_cm":138642,"minecraft:mob_kills":5,"minecraft:drop":3,"minecraft:damage_dealt":520,"minecraft:interact_with_crafting_table":2,"minecraft:fly_one_cm":91409,"minecraft:crouch_one_cm":5071,"minecraft:play_one_minute":34077,"minecraft:sneak_time":1658,"minecraft:jump":364,"minecraft:leave_game":2,"minecraft:walk_on_water_one_cm":476,"minecraft:time_since_death":34077,"minecraft:climb_one_cm":438,"minecraft:fall_one_cm":4101},"minecraft:killed":{"minecraft:sheep":1,"minecraft:pig":4}},"DataVersion":2586}