{"stats":{"minecraft:dropped":{"minecraft:iron_sword":1,"minecraft:wheat_seeds":1,"minecraft:dirt":3,"minecraft:mutton":1,"minecraft:wooden_pickaxe":1,"minecraft:white_wool":1},"minecraft:crafted":{"minecraft:oak_planks":28,"minecraft:diamond_sword":1,"minecraft:crafting_table":1,"minecraft:wooden_pickaxe":1,"minecraft:iron_sword":1,"minecraft:furnace":1,"minecraft:air":0,"minecraft:iron_boots":1,"minecraft:iron_chestplate":1,"minecraft:diamond_pickaxe":1,"minecraft:shield":1,"minecraft:iron_axe":1,"minecraft:stick":28,"minecraft:iron_ingot":30,"minecraft:iron_pickaxe":2,"minecraft:stone_pickaxe":1,"minecraft:iron_shovel":1,"minecraft:torch":48},"minecraft:picked_up":{"minecraft:crafting_table":1,"minecraft:andesite":25,"minecraft:oak_log":7,"minecraft:string":2,"minecraft:dirt":22,"minecraft:bone":3,"minecraft:wheat_seeds":11,"minecraft:iron_ore":106,"minecraft:furnace":1,"minecraft:cooked_porkchop":10,"minecraft:torch":2,"minecraft:porkchop":7,"minecraft:diorite":32,"minecraft:gold_ore":10,"minecraft:redstone":77,"minecraft:arrow":4,"minecraft:diamond":5,"minecraft:granite":58,"minecraft:mutton":1,"minecraft:coal":85,"minecraft:white_wool":1,"minecraft:cobblestone":757},"minecraft:used":{"minecraft:iron_shovel":9,"minecraft:stone_pickaxe":131,"minecraft:wooden_pickaxe":4,"minecraft:shield":3,"minecraft:iron_sword":8,"minecraft:torch":32,"minecraft:dirt":10,"minecraft:crafting_table":2,"minecraft:diamond_pickaxe":460,"minecraft:iron_axe":1,"minecraft:iron_pickaxe":501,"minecraft:diamond_sword":8,"minecraft:cobblestone":139,"minecraft:furnace":2,"minecraft:cooked_porkchop":10},"minecraft:mined":{"minecraft:diamond_ore":5,"minecraft:dark_oak_leaves":13,"minecraft:crafting_table":1,"minecraft:granite":58,"minecraft:grass_block":11,"minecraft:tall_grass":36,"minecraft:cobblestone":30,"minecraft:diorite":33,"minecraft:wall_torch":2,"minecraft:redstone_ore":17,"minecraft:furnace":1,"minecraft:iron_ore":106,"minecraft:andesite":25,"minecraft:grass":102,"minecraft:coal_ore":79,"minecraft:oak_log":6,"minecraft:dirt":11,"minecraft:stone":730,"minecraft:gold_ore":10},"minecraft:broken":{"minecraft:stone_pickaxe":1,"minecraft:iron_pickaxe":2},"minecraft:custom":{"minecraft:interact_with_furnace":16,"minecraft:mob_kills":9,"minecraft:interact_with_crafting_table":12,"minecraft:play_one_minute":70077,"minecraft:leave_game":2,"minecraft:time_since_death":70077,"minecraft:climb_one_cm":438,"minecraft:time_since_rest":70077,"minecraft:sprint_one_cm":232964,"minecraft:damage_taken":438,"minecraft:walk_one_cm":257274,"minecraft:damage_blocked_by_shield":140,"minecraft:drop":6,"minecraft:damage_dealt":1544,"minecraft:fly_one_cm":121746,"minecraft:crouch_one_cm":18846,"minecraft:sneak_time":5848,"minecraft:jump":647,"minecraft:walk_on_water_one_cm":3193,"minecraft:fall_one_cm":7635},"minecraft:killed":{"minecraft:pig":4,"minecraft:spider":1,"minecraft:creeper":1,"minecraft:sheep":1,"minecraft:skeleton":2}},"DataVersion":2586}