{"stats":{"minecraft:dropped":{"minecraft:iron_sword":1,"minecraft:wheat_seeds":1,"minecraft:granite":62,"minecraft:dirt":12,"minecraft:diorite":7,"minecraft:mutton":1,"minecraft:andesite":4,"minecraft:wooden_pickaxe":1,"minecraft:white_wool":1},"minecraft:crafted":{"minecraft:oak_planks":28,"minecraft:diamond_sword":1,"minecraft:cooked_porkchop":7,"minecraft:crafting_table":1,"minecraft:iron_helmet":1,"minecraft:wooden_pickaxe":1,"minecraft:iron_sword":1,"minecraft:furnace":2,"minecraft:bucket":1,"minecraft:air":0,"minecraft:polished_diorite":32,"minecraft:iron_boots":1,"minecraft:iron_chestplate":1,"minecraft:diamond_pickaxe":1,"minecraft:shield":1,"minecraft:iron_axe":1,"minecraft:stick":28,"minecraft:iron_ingot":106,"minecraft:iron_pickaxe":2,"minecraft:stone_pickaxe":1,"minecraft:gold_ingot":10,"minecraft:iron_shovel":1,"minecraft:iron_leggings":1,"minecraft:oak_button":1,"minecraft:torch":48,"minecraft:shears":1,"minecraft:polished_andesite":24},"minecraft:picked_up":{"minecraft:crafting_table":2,"minecraft:andesite":29,"minecraft:leather":3,"minecraft:oak_log":44,"minecraft:string":2,"minecraft:dirt":22,"minecraft:bone":3,"minecraft:wheat_seeds":14,"minecraft:beef":5,"minecraft:iron_ore":107,"minecraft:sugar_cane":3,"minecraft:egg":1,"minecraft:furnace":3,"minecraft:cooked_porkchop":10,"minecraft:torch":2,"minecraft:porkchop":18,"minecraft:diorite":40,"minecraft:gold_ore":10,"minecraft:redstone":77,"minecraft:arrow":4,"minecraft:diamond":5,"minecraft:granite":64,"minecraft:mutton":1,"minecraft:coal":89,"minecraft:white_wool":3,"minecraft:cobblestone":812},"minecraft:used":{"minecraft:diorite":1,"minecraft:iron_ore":1,"minecraft:iron_shovel":9,"minecraft:stone_pickaxe":131,"minecraft:wooden_pickaxe":4,"minecraft:shield":3,"minecraft:iron_sword":8,"minecraft:torch":32,"minecraft:dirt":10,"minecraft:crafting_table":3,"minecraft:granite":2,"minecraft:diamond_pickaxe":543,"minecraft:iron_axe":42,"minecraft:oak_button":1,"minecraft:iron_pickaxe":501,"minecraft:diamond_sword":32,"minecraft:cobblestone":249,"minecraft:furnace":3,"minecraft:cooked_porkchop":12,"minecraft:bucket":1,"minecraft:andesite":1},"minecraft:mined":{"minecraft:diamond_ore":5,"minecraft:dark_oak_leaves":13,"minecraft:crafting_table":2,"minecraft:granite":64,"minecraft:grass_block":11,"minecraft:tall_grass":58,"minecraft:cobblestone":64,"minecraft:sugar_cane":1,"minecraft:diorite":41,"minecraft:wall_torch":2,"minecraft:redstone_ore":17,"minecraft:furnace":3,"minecraft:iron_ore":107,"minecraft:andesite":29,"minecraft:grass":107,"minecraft:coal_ore":83,"minecraft:oak_log":43,"minecraft:dirt":11,"minecraft:stone":754,"minecraft:gold_ore":10,"minecraft:oak_leaves":3},"minecraft:broken":{"minecraft:stone_pickaxe":1,"minecraft:iron_pickaxe":2},"minecraft:custom":{"minecraft:interact_with_furnace":81,"minecraft:mob_kills":17,"minecraft:interact_with_crafting_table":22,"minecraft:play_one_minute":94077,"minecraft:leave_game":2,"minecraft:time_since_death":94077,"minecraft:climb_one_cm":438,"minecraft:time_since_rest":94077,"minecraft:sprint_one_cm":304585,"minecraft:damage_taken":458,"minecraft:walk_one_cm":306203,"minecraft:damage_blocked_by_shield":140,"minecraft:drop":12,"minecraft:damage_dealt":2274,"minecraft:swim_one_cm":1168,"minecraft:fly_one_cm":187471,"minecraft:crouch_one_cm":20433,"minecraft:sneak_time":6917,"minecraft:walk_under_water_one_cm":202,"minecraft:jump":1066,"minecraft:walk_on_water_one_cm":5369,"minecraft:fall_one_cm":14637},"minecraft:killed":{"minecraft:pig":8,"minecraft:spider":1,"minecraft:creeper":1,"minecraft:sheep":1,"minecraft:skeleton":2,"minecraft:chicken":1,"minecraft:cow":3}},"DataVersion":2586}