{"stats":{"minecraft:dropped":{"minecraft:wheat_seeds":1},"minecraft:picked_up":{"minecraft:cooked_porkchop":10,"minecraft:wheat_seeds":10,"minecraft:mutton":1,"minecraft:white_wool":1,"minecraft:dirt":10},"minecraft:used":{"minecraft:dirt":10,"minecraft:cooked_porkchop":3},"minecraft:mined":{"minecraft:grass":91,"minecraft:grass_block":10,"minecraft:dark_oak_leaves":13,"minecraft:tall_grass":32},"minecraft:custom":{"minecraft:time_since_rest":22077,"minecraft:play_one_minute":22077,"minecraft:crouch_one_cm":2014,"minecraft:sprint_one_cm":121215,"minecraft:damage_taken":30,"minecraft:walk_one_cm":87871,"minecraft:sneak_time":575,"minecraft:mob_kills":1,"minecraft:drop":1,"minecraft:jump":203,"minecraft:damage_dealt":180,"minecraft:leave_game":2,"minecraft:time_since_death":22077,"minecraft:climb_one_cm":438,"minecraft:fall_one_cm":2034,"minecraft:fly_one_cm":57047},"minecraft:killed":{"minecraft:sheep":1}},"DataVersion":2586}