{"stats":{"minecraft:picked_up":{"minecraft:cooked_porkchop":10,"minecraft:wheat_seeds":3,"minecraft:dirt":9},"minecraft:used":{"minecraft:dirt":9,"minecraft:cooked_porkchop":2},"minecraft:mined":{"minecraft:tall_grass":4,"minecraft:grass":43,"minecraft:grass_block":9},"minecraft:custom":{"minecraft:jump":118,"minecraft:time_since_rest":10077,"minecraft:damage_dealt":140,"minecraft:crouch_one_cm":91,"minecraft:play_one_minute":10077,"minecraft:leave_game":2,"minecraft:sprint_one_cm":68765,"minecraft:damage_taken":30,"minecraft:time_since_death":10077,"minecraft:walk_one_cm":41129,"minecraft:sneak_time":20,"minecraft:climb_one_cm":438,"minecraft:fall_one_cm":1825,"minecraft:fly_one_cm":32025}},"DataVersion":2586}