{
  "__COMMENT1": "To apply this configuration to all newly generated worlds",
  "__COMMENT2": "please place this configuration file into your config directory",
  "__COMMENT3": "with the following name: cpm-server-default.json",
  "skins": {},
  "player_scaling": {
    "37e340de-9a9d-3539-ac95-a5bc84c1cdbb": {},
    "2bab95a7-7296-3fb1-8802-d002f9097ffb": {},
    "fc9138e8-bccf-3edd-8e64-181f4d18ef3e": {},
    "b5cf0f82-d7eb-34fb-92c4-393d0880bcca": {},
    "82fd7d13-eb3a-39be-b3c3-4823cd1c1727": {},
    "44020b7a-1d3d-3391-a7b5-77b2be927d69": {}
  },
  "player_scaling_settings": {},
  "scaling_settings": {
    "motion": {},
    "mob_visibility": {},
    "defense": {},
    "attack_knockback": {},
    "flight_speed": {},
    "knockback_resist": {},
    "reach": {},
    "health": {},
    "attack_speed": {},
    "attack_dmg": {}
  }
}