{
  "minecraft:end/elytra": {
    "criteria": {
      "elytra": "2024-08-21 05:29:15 +0000"
    },
    "done": true
  },
  "majruszs_difficulty:progressive_difficulty/normal_mode": {
    "criteria": {
      "game_state": "2024-08-21 05:27:05 +0000"
    },
    "done": true
  },
  "minecraft:adventure/adventuring_time": {
    "criteria": {
      "minecraft:forest": "2024-08-21 05:27:38 +0000",
      "minecraft:birch_forest": "2024-08-21 05:29:51 +0000",
      "minecraft:dark_forest": "2024-08-21 05:29:26 +0000",
      "minecraft:river": "2024-08-21 05:27:50 +0000",
      "minecraft:birch_forest_hills": "2024-08-21 05:29:47 +0000",
      "minecraft:wooded_hills": "2024-08-21 05:27:05 +0000",
      "minecraft:swamp": "2024-08-21 05:30:06 +0000",
      "minecraft:plains": "2024-08-21 05:27:51 +0000"
    },
    "done": false
  },
  "DataVersion": 2586
}