{
  "minecraft:husbandry/balanced_diet": {
    "criteria": {
      "cooked_porkchop": "2024-08-24 06:11:16 +0000"
    },
    "done": false
  },
  "minecraft:husbandry/root": {
    "criteria": {
      "consumed_item": "2024-08-24 06:11:16 +0000"
    },
    "done": true
  },
  "majruszs_difficulty:progressive_difficulty/expert_mode": {
    "criteria": {
      "game_state": "2024-08-24 06:05:18 +0000"
    },
    "done": true
  },
  "majruszs_difficulty:progressive_difficulty/normal_mode": {
    "criteria": {
      "game_state": "2024-08-24 06:05:18 +0000"
    },
    "done": true
  },
  "minecraft:adventure/adventuring_time": {
    "criteria": {
      "minecraft:forest": "2024-08-24 07:15:34 +0000",
      "minecraft:birch_forest": "2024-08-24 07:14:44 +0000",
      "minecraft:dark_forest": "2024-08-24 07:14:42 +0000",
      "minecraft:river": "2024-08-24 07:14:51 +0000",
      "minecraft:birch_forest_hills": "2024-08-24 07:16:35 +0000",
      "minecraft:wooded_hills": "2024-08-24 07:16:53 +0000",
      "minecraft:plains": "2024-08-24 06:05:18 +0000"
    },
    "done": false
  },
  "minecraft:recipes/misc/bone_meal": {
    "criteria": {
      "has_bone": "2024-08-24 06:06:15 +0000"
    },
    "done": true
  },
  "DataVersion": 2586
}