"UUID","Real Name","Displayed Name","Name Color","Name Visible","Animation"
"37e340de-9a9d-3539-ac95-a5bc84c1cdbb","DIOSES","DIOSES","white","true","NONE"
"2bab95a7-7296-3fb1-8802-d002f9097ffb","Hawaii_Twitch","Hawaii_Twitch","white","true","NONE"
"fc9138e8-bccf-3edd-8e64-181f4d18ef3e","_DOMX77YT","_DOMX77YT","white","true","NONE"
"b5cf0f82-d7eb-34fb-92c4-393d0880bcca","Landinss","Landinss","white","true","NONE"
"82fd7d13-eb3a-39be-b3c3-4823cd1c1727","NEGROLOKO55","NEGROLOKO55","white","true","NONE"